model_num,43
n1,190
lr,0.0001
bs,16
loss,[1.7853506  0.35217524 0.57106644 0.5664728  0.16748448]
loss_mean,0.6885099
loss_std,0.56856555
accuracy,[0.4375     0.75       0.6        0.6666667  0.73333335]
accuracy_mean,0.6375
accuracy_std,0.11322299
test_list,"[array([[ 3.5],
       [ 5.5],
       [15. ],
       [15.5],
       [18.5],
       [19. ],
       [23. ],
       [23.5],
       [24.5],
       [26. ],
       [29. ],
       [31.5],
       [32. ],
       [36. ],
       [36.5],
       [39. ]], dtype=float32), array([[ 3. ],
       [ 4. ],
       [ 5. ],
       [13. ],
       [17. ],
       [21. ],
       [22.5],
       [26.5],
       [27. ],
       [28. ],
       [28.5],
       [30. ],
       [32.5],
       [33. ],
       [37. ],
       [38. ]], dtype=float32), array([[ 2.5],
       [ 7. ],
       [ 7.5],
       [ 9. ],
       [11.5],
       [13.5],
       [16. ],
       [16.5],
       [17.5],
       [18. ],
       [22. ],
       [30.5],
       [33.5],
       [35. ],
       [40. ]], dtype=float32), array([[ 2. ],
       [ 4.5],
       [ 6. ],
       [ 8.5],
       [ 9.5],
       [10. ],
       [11. ],
       [12. ],
       [14.5],
       [19.5],
       [20.5],
       [27.5],
       [29.5],
       [37.5],
       [39.5]], dtype=float32), array([[ 6.5],
       [ 8. ],
       [10.5],
       [12.5],
       [14. ],
       [20. ],
       [21.5],
       [24. ],
       [25. ],
       [25.5],
       [31. ],
       [34. ],
       [34.5],
       [35.5],
       [38.5]], dtype=float32)]"
model_num,44
n1,195
lr,0.0001
bs,16
loss,[1.2878232  0.35055643 0.5526025  0.61940116 0.26026013]
loss_mean,0.6141287
loss_std,0.3612121
accuracy,[0.5625     0.75       0.6        0.46666667 0.73333335]
accuracy_mean,0.6225
accuracy_std,0.106705725
test_list,"[array([[ 3.5],
       [ 5.5],
       [15. ],
       [15.5],
       [18.5],
       [19. ],
       [23. ],
       [23.5],
       [24.5],
       [26. ],
       [29. ],
       [31.5],
       [32. ],
       [36. ],
       [36.5],
       [39. ]], dtype=float32), array([[ 3. ],
       [ 4. ],
       [ 5. ],
       [13. ],
       [17. ],
       [21. ],
       [22.5],
       [26.5],
       [27. ],
       [28. ],
       [28.5],
       [30. ],
       [32.5],
       [33. ],
       [37. ],
       [38. ]], dtype=float32), array([[ 2.5],
       [ 7. ],
       [ 7.5],
       [ 9. ],
       [11.5],
       [13.5],
       [16. ],
       [16.5],
       [17.5],
       [18. ],
       [22. ],
       [30.5],
       [33.5],
       [35. ],
       [40. ]], dtype=float32), array([[ 2. ],
       [ 4.5],
       [ 6. ],
       [ 8.5],
       [ 9.5],
       [10. ],
       [11. ],
       [12. ],
       [14.5],
       [19.5],
       [20.5],
       [27.5],
       [29.5],
       [37.5],
       [39.5]], dtype=float32), array([[ 6.5],
       [ 8. ],
       [10.5],
       [12.5],
       [14. ],
       [20. ],
       [21.5],
       [24. ],
       [25. ],
       [25.5],
       [31. ],
       [34. ],
       [34.5],
       [35.5],
       [38.5]], dtype=float32)]"
model_num,41
n1,180
lr,0.0001
bs,16
loss,[1.7621427  0.44270843 0.5679476  0.59249485 0.22461338]
loss_mean,0.7179814
loss_std,0.5380924
accuracy,[0.4375     0.75       0.6666667  0.53333336 0.73333335]
accuracy_mean,0.62416667
accuracy_std,0.12054276
test_list,"[array([[ 3.5],
       [ 5.5],
       [15. ],
       [15.5],
       [18.5],
       [19. ],
       [23. ],
       [23.5],
       [24.5],
       [26. ],
       [29. ],
       [31.5],
       [32. ],
       [36. ],
       [36.5],
       [39. ]], dtype=float32), array([[ 3. ],
       [ 4. ],
       [ 5. ],
       [13. ],
       [17. ],
       [21. ],
       [22.5],
       [26.5],
       [27. ],
       [28. ],
       [28.5],
       [30. ],
       [32.5],
       [33. ],
       [37. ],
       [38. ]], dtype=float32), array([[ 2.5],
       [ 7. ],
       [ 7.5],
       [ 9. ],
       [11.5],
       [13.5],
       [16. ],
       [16.5],
       [17.5],
       [18. ],
       [22. ],
       [30.5],
       [33.5],
       [35. ],
       [40. ]], dtype=float32), array([[ 2. ],
       [ 4.5],
       [ 6. ],
       [ 8.5],
       [ 9.5],
       [10. ],
       [11. ],
       [12. ],
       [14.5],
       [19.5],
       [20.5],
       [27.5],
       [29.5],
       [37.5],
       [39.5]], dtype=float32), array([[ 6.5],
       [ 8. ],
       [10.5],
       [12.5],
       [14. ],
       [20. ],
       [21.5],
       [24. ],
       [25. ],
       [25.5],
       [31. ],
       [34. ],
       [34.5],
       [35.5],
       [38.5]], dtype=float32)]"
model_num,42
n1,185
lr,0.0001
bs,16
loss,[2.2054496  0.29776305 0.8385073  0.6397778  0.34515813]
loss_mean,0.8653312
loss_std,0.69860214
accuracy,[0.5        0.6875     0.53333336 0.53333336 0.6666667 ]
accuracy_mean,0.58416665
accuracy_std,0.07711823
test_list,"[array([[ 3.5],
       [ 5.5],
       [15. ],
       [15.5],
       [18.5],
       [19. ],
       [23. ],
       [23.5],
       [24.5],
       [26. ],
       [29. ],
       [31.5],
       [32. ],
       [36. ],
       [36.5],
       [39. ]], dtype=float32), array([[ 3. ],
       [ 4. ],
       [ 5. ],
       [13. ],
       [17. ],
       [21. ],
       [22.5],
       [26.5],
       [27. ],
       [28. ],
       [28.5],
       [30. ],
       [32.5],
       [33. ],
       [37. ],
       [38. ]], dtype=float32), array([[ 2.5],
       [ 7. ],
       [ 7.5],
       [ 9. ],
       [11.5],
       [13.5],
       [16. ],
       [16.5],
       [17.5],
       [18. ],
       [22. ],
       [30.5],
       [33.5],
       [35. ],
       [40. ]], dtype=float32), array([[ 2. ],
       [ 4.5],
       [ 6. ],
       [ 8.5],
       [ 9.5],
       [10. ],
       [11. ],
       [12. ],
       [14.5],
       [19.5],
       [20.5],
       [27.5],
       [29.5],
       [37.5],
       [39.5]], dtype=float32), array([[ 6.5],
       [ 8. ],
       [10.5],
       [12.5],
       [14. ],
       [20. ],
       [21.5],
       [24. ],
       [25. ],
       [25.5],
       [31. ],
       [34. ],
       [34.5],
       [35.5],
       [38.5]], dtype=float32)]"
model_num,45
n1,200
lr,0.0001
bs,16
loss,[1.553504   0.21858959 0.7712981  0.6423909  0.13827161]
loss_mean,0.66481084
loss_std,0.505564
accuracy,[0.375 0.75  0.4   0.6   0.8  ]
accuracy_mean,0.585
accuracy_std,0.17435597
test_list,"[array([[ 3.5],
       [ 5.5],
       [15. ],
       [15.5],
       [18.5],
       [19. ],
       [23. ],
       [23.5],
       [24.5],
       [26. ],
       [29. ],
       [31.5],
       [32. ],
       [36. ],
       [36.5],
       [39. ]], dtype=float32), array([[ 3. ],
       [ 4. ],
       [ 5. ],
       [13. ],
       [17. ],
       [21. ],
       [22.5],
       [26.5],
       [27. ],
       [28. ],
       [28.5],
       [30. ],
       [32.5],
       [33. ],
       [37. ],
       [38. ]], dtype=float32), array([[ 2.5],
       [ 7. ],
       [ 7.5],
       [ 9. ],
       [11.5],
       [13.5],
       [16. ],
       [16.5],
       [17.5],
       [18. ],
       [22. ],
       [30.5],
       [33.5],
       [35. ],
       [40. ]], dtype=float32), array([[ 2. ],
       [ 4.5],
       [ 6. ],
       [ 8.5],
       [ 9.5],
       [10. ],
       [11. ],
       [12. ],
       [14.5],
       [19.5],
       [20.5],
       [27.5],
       [29.5],
       [37.5],
       [39.5]], dtype=float32), array([[ 6.5],
       [ 8. ],
       [10.5],
       [12.5],
       [14. ],
       [20. ],
       [21.5],
       [24. ],
       [25. ],
       [25.5],
       [31. ],
       [34. ],
       [34.5],
       [35.5],
       [38.5]], dtype=float32)]"
model_num,17
n1,185
lr,0.001
bs,8
loss,[1.3176726  0.34532422 0.30339608 0.35059598 0.22833914]
loss_mean,0.5090656
loss_std,0.4066636
accuracy,[0.4375     0.6875     0.6666667  0.73333335 0.8       ]
accuracy_mean,0.665
accuracy_std,0.12260484
test_list,"[array([[ 3.5],
       [ 5.5],
       [15. ],
       [15.5],
       [18.5],
       [19. ],
       [23. ],
       [23.5],
       [24.5],
       [26. ],
       [29. ],
       [31.5],
       [32. ],
       [36. ],
       [36.5],
       [39. ]], dtype=float32), array([[ 3. ],
       [ 4. ],
       [ 5. ],
       [13. ],
       [17. ],
       [21. ],
       [22.5],
       [26.5],
       [27. ],
       [28. ],
       [28.5],
       [30. ],
       [32.5],
       [33. ],
       [37. ],
       [38. ]], dtype=float32), array([[ 2.5],
       [ 7. ],
       [ 7.5],
       [ 9. ],
       [11.5],
       [13.5],
       [16. ],
       [16.5],
       [17.5],
       [18. ],
       [22. ],
       [30.5],
       [33.5],
       [35. ],
       [40. ]], dtype=float32), array([[ 2. ],
       [ 4.5],
       [ 6. ],
       [ 8.5],
       [ 9.5],
       [10. ],
       [11. ],
       [12. ],
       [14.5],
       [19.5],
       [20.5],
       [27.5],
       [29.5],
       [37.5],
       [39.5]], dtype=float32), array([[ 6.5],
       [ 8. ],
       [10.5],
       [12.5],
       [14. ],
       [20. ],
       [21.5],
       [24. ],
       [25. ],
       [25.5],
       [31. ],
       [34. ],
       [34.5],
       [35.5],
       [38.5]], dtype=float32)]"
model_num,18
n1,190
lr,0.001
bs,8
loss,[1.3575149  0.3151234  0.30687344 0.36537123 0.20491076]
loss_mean,0.50995874
loss_std,0.4269697
accuracy,[0.3125     0.625      0.6666667  0.73333335 0.73333335]
accuracy_mean,0.6141667
accuracy_std,0.15638272
test_list,"[array([[ 3.5],
       [ 5.5],
       [15. ],
       [15.5],
       [18.5],
       [19. ],
       [23. ],
       [23.5],
       [24.5],
       [26. ],
       [29. ],
       [31.5],
       [32. ],
       [36. ],
       [36.5],
       [39. ]], dtype=float32), array([[ 3. ],
       [ 4. ],
       [ 5. ],
       [13. ],
       [17. ],
       [21. ],
       [22.5],
       [26.5],
       [27. ],
       [28. ],
       [28.5],
       [30. ],
       [32.5],
       [33. ],
       [37. ],
       [38. ]], dtype=float32), array([[ 2.5],
       [ 7. ],
       [ 7.5],
       [ 9. ],
       [11.5],
       [13.5],
       [16. ],
       [16.5],
       [17.5],
       [18. ],
       [22. ],
       [30.5],
       [33.5],
       [35. ],
       [40. ]], dtype=float32), array([[ 2. ],
       [ 4.5],
       [ 6. ],
       [ 8.5],
       [ 9.5],
       [10. ],
       [11. ],
       [12. ],
       [14.5],
       [19.5],
       [20.5],
       [27.5],
       [29.5],
       [37.5],
       [39.5]], dtype=float32), array([[ 6.5],
       [ 8. ],
       [10.5],
       [12.5],
       [14. ],
       [20. ],
       [21.5],
       [24. ],
       [25. ],
       [25.5],
       [31. ],
       [34. ],
       [34.5],
       [35.5],
       [38.5]], dtype=float32)]"
model_num,19
n1,195
lr,0.001
bs,8
loss,[1.776237   0.281223   0.2963875  0.46105853 0.12492429]
loss_mean,0.5879661
loss_std,0.60359097
accuracy,[0.3125     0.6875     0.6        0.73333335 0.8       ]
accuracy_mean,0.62666667
accuracy_std,0.17002043
test_list,"[array([[ 3.5],
       [ 5.5],
       [15. ],
       [15.5],
       [18.5],
       [19. ],
       [23. ],
       [23.5],
       [24.5],
       [26. ],
       [29. ],
       [31.5],
       [32. ],
       [36. ],
       [36.5],
       [39. ]], dtype=float32), array([[ 3. ],
       [ 4. ],
       [ 5. ],
       [13. ],
       [17. ],
       [21. ],
       [22.5],
       [26.5],
       [27. ],
       [28. ],
       [28.5],
       [30. ],
       [32.5],
       [33. ],
       [37. ],
       [38. ]], dtype=float32), array([[ 2.5],
       [ 7. ],
       [ 7.5],
       [ 9. ],
       [11.5],
       [13.5],
       [16. ],
       [16.5],
       [17.5],
       [18. ],
       [22. ],
       [30.5],
       [33.5],
       [35. ],
       [40. ]], dtype=float32), array([[ 2. ],
       [ 4.5],
       [ 6. ],
       [ 8.5],
       [ 9.5],
       [10. ],
       [11. ],
       [12. ],
       [14.5],
       [19.5],
       [20.5],
       [27.5],
       [29.5],
       [37.5],
       [39.5]], dtype=float32), array([[ 6.5],
       [ 8. ],
       [10.5],
       [12.5],
       [14. ],
       [20. ],
       [21.5],
       [24. ],
       [25. ],
       [25.5],
       [31. ],
       [34. ],
       [34.5],
       [35.5],
       [38.5]], dtype=float32)]"
model_num,20
n1,200
lr,0.001
bs,8
loss,[1.3255539  0.307374   0.29800504 0.33244812 0.15483838]
loss_mean,0.48364386
loss_std,0.42551583
accuracy,[0.5        0.6875     0.6666667  0.73333335 0.8666667 ]
accuracy_mean,0.6908334
accuracy_std,0.11809836
test_list,"[array([[ 3.5],
       [ 5.5],
       [15. ],
       [15.5],
       [18.5],
       [19. ],
       [23. ],
       [23.5],
       [24.5],
       [26. ],
       [29. ],
       [31.5],
       [32. ],
       [36. ],
       [36.5],
       [39. ]], dtype=float32), array([[ 3. ],
       [ 4. ],
       [ 5. ],
       [13. ],
       [17. ],
       [21. ],
       [22.5],
       [26.5],
       [27. ],
       [28. ],
       [28.5],
       [30. ],
       [32.5],
       [33. ],
       [37. ],
       [38. ]], dtype=float32), array([[ 2.5],
       [ 7. ],
       [ 7.5],
       [ 9. ],
       [11.5],
       [13.5],
       [16. ],
       [16.5],
       [17.5],
       [18. ],
       [22. ],
       [30.5],
       [33.5],
       [35. ],
       [40. ]], dtype=float32), array([[ 2. ],
       [ 4.5],
       [ 6. ],
       [ 8.5],
       [ 9.5],
       [10. ],
       [11. ],
       [12. ],
       [14.5],
       [19.5],
       [20.5],
       [27.5],
       [29.5],
       [37.5],
       [39.5]], dtype=float32), array([[ 6.5],
       [ 8. ],
       [10.5],
       [12.5],
       [14. ],
       [20. ],
       [21.5],
       [24. ],
       [25. ],
       [25.5],
       [31. ],
       [34. ],
       [34.5],
       [35.5],
       [38.5]], dtype=float32)]"
model_num,37
n1,185
lr,0.0005
bs,16
loss,[1.4509096  0.4434561  0.45165524 0.48258308 0.3077932 ]
loss_mean,0.6272794
loss_std,0.41617545
accuracy,[0.4375     0.625      0.53333336 0.53333336 0.6666667 ]
accuracy_mean,0.55916667
accuracy_std,0.08003472
test_list,"[array([[ 3.5],
       [ 5.5],
       [15. ],
       [15.5],
       [18.5],
       [19. ],
       [23. ],
       [23.5],
       [24.5],
       [26. ],
       [29. ],
       [31.5],
       [32. ],
       [36. ],
       [36.5],
       [39. ]], dtype=float32), array([[ 3. ],
       [ 4. ],
       [ 5. ],
       [13. ],
       [17. ],
       [21. ],
       [22.5],
       [26.5],
       [27. ],
       [28. ],
       [28.5],
       [30. ],
       [32.5],
       [33. ],
       [37. ],
       [38. ]], dtype=float32), array([[ 2.5],
       [ 7. ],
       [ 7.5],
       [ 9. ],
       [11.5],
       [13.5],
       [16. ],
       [16.5],
       [17.5],
       [18. ],
       [22. ],
       [30.5],
       [33.5],
       [35. ],
       [40. ]], dtype=float32), array([[ 2. ],
       [ 4.5],
       [ 6. ],
       [ 8.5],
       [ 9.5],
       [10. ],
       [11. ],
       [12. ],
       [14.5],
       [19.5],
       [20.5],
       [27.5],
       [29.5],
       [37.5],
       [39.5]], dtype=float32), array([[ 6.5],
       [ 8. ],
       [10.5],
       [12.5],
       [14. ],
       [20. ],
       [21.5],
       [24. ],
       [25. ],
       [25.5],
       [31. ],
       [34. ],
       [34.5],
       [35.5],
       [38.5]], dtype=float32)]"
model_num,38
n1,190
lr,0.0005
bs,16
loss,[1.5659926  0.51941055 0.46207106 0.4121351  0.23276812]
loss_mean,0.63847554
loss_std,0.4735845
accuracy,[0.5        0.5625     0.53333336 0.73333335 0.8       ]
accuracy_mean,0.62583333
accuracy_std,0.11856785
test_list,"[array([[ 3.5],
       [ 5.5],
       [15. ],
       [15.5],
       [18.5],
       [19. ],
       [23. ],
       [23.5],
       [24.5],
       [26. ],
       [29. ],
       [31.5],
       [32. ],
       [36. ],
       [36.5],
       [39. ]], dtype=float32), array([[ 3. ],
       [ 4. ],
       [ 5. ],
       [13. ],
       [17. ],
       [21. ],
       [22.5],
       [26.5],
       [27. ],
       [28. ],
       [28.5],
       [30. ],
       [32.5],
       [33. ],
       [37. ],
       [38. ]], dtype=float32), array([[ 2.5],
       [ 7. ],
       [ 7.5],
       [ 9. ],
       [11.5],
       [13.5],
       [16. ],
       [16.5],
       [17.5],
       [18. ],
       [22. ],
       [30.5],
       [33.5],
       [35. ],
       [40. ]], dtype=float32), array([[ 2. ],
       [ 4.5],
       [ 6. ],
       [ 8.5],
       [ 9.5],
       [10. ],
       [11. ],
       [12. ],
       [14.5],
       [19.5],
       [20.5],
       [27.5],
       [29.5],
       [37.5],
       [39.5]], dtype=float32), array([[ 6.5],
       [ 8. ],
       [10.5],
       [12.5],
       [14. ],
       [20. ],
       [21.5],
       [24. ],
       [25. ],
       [25.5],
       [31. ],
       [34. ],
       [34.5],
       [35.5],
       [38.5]], dtype=float32)]"
model_num,39
n1,195
lr,0.0005
bs,16
loss,[1.6574616  0.53819185 0.40702438 0.58495367 0.2714497 ]
loss_mean,0.6918163
loss_std,0.49503648
accuracy,[0.4375     0.5625     0.53333336 0.6666667  0.73333335]
accuracy_mean,0.5866667
accuracy_std,0.10352805
test_list,"[array([[ 3.5],
       [ 5.5],
       [15. ],
       [15.5],
       [18.5],
       [19. ],
       [23. ],
       [23.5],
       [24.5],
       [26. ],
       [29. ],
       [31.5],
       [32. ],
       [36. ],
       [36.5],
       [39. ]], dtype=float32), array([[ 3. ],
       [ 4. ],
       [ 5. ],
       [13. ],
       [17. ],
       [21. ],
       [22.5],
       [26.5],
       [27. ],
       [28. ],
       [28.5],
       [30. ],
       [32.5],
       [33. ],
       [37. ],
       [38. ]], dtype=float32), array([[ 2.5],
       [ 7. ],
       [ 7.5],
       [ 9. ],
       [11.5],
       [13.5],
       [16. ],
       [16.5],
       [17.5],
       [18. ],
       [22. ],
       [30.5],
       [33.5],
       [35. ],
       [40. ]], dtype=float32), array([[ 2. ],
       [ 4.5],
       [ 6. ],
       [ 8.5],
       [ 9.5],
       [10. ],
       [11. ],
       [12. ],
       [14.5],
       [19.5],
       [20.5],
       [27.5],
       [29.5],
       [37.5],
       [39.5]], dtype=float32), array([[ 6.5],
       [ 8. ],
       [10.5],
       [12.5],
       [14. ],
       [20. ],
       [21.5],
       [24. ],
       [25. ],
       [25.5],
       [31. ],
       [34. ],
       [34.5],
       [35.5],
       [38.5]], dtype=float32)]"
model_num,40
n1,200
lr,0.0005
bs,16
loss,[1.2166524  0.39400262 0.5385292  0.55003107 0.27717242]
loss_mean,0.59527755
loss_std,0.3265201
accuracy,[0.4375     0.625      0.46666667 0.8        0.73333335]
accuracy_mean,0.6125
accuracy_std,0.14269237
test_list,"[array([[ 3.5],
       [ 5.5],
       [15. ],
       [15.5],
       [18.5],
       [19. ],
       [23. ],
       [23.5],
       [24.5],
       [26. ],
       [29. ],
       [31.5],
       [32. ],
       [36. ],
       [36.5],
       [39. ]], dtype=float32), array([[ 3. ],
       [ 4. ],
       [ 5. ],
       [13. ],
       [17. ],
       [21. ],
       [22.5],
       [26.5],
       [27. ],
       [28. ],
       [28.5],
       [30. ],
       [32.5],
       [33. ],
       [37. ],
       [38. ]], dtype=float32), array([[ 2.5],
       [ 7. ],
       [ 7.5],
       [ 9. ],
       [11.5],
       [13.5],
       [16. ],
       [16.5],
       [17.5],
       [18. ],
       [22. ],
       [30.5],
       [33.5],
       [35. ],
       [40. ]], dtype=float32), array([[ 2. ],
       [ 4.5],
       [ 6. ],
       [ 8.5],
       [ 9.5],
       [10. ],
       [11. ],
       [12. ],
       [14.5],
       [19.5],
       [20.5],
       [27.5],
       [29.5],
       [37.5],
       [39.5]], dtype=float32), array([[ 6.5],
       [ 8. ],
       [10.5],
       [12.5],
       [14. ],
       [20. ],
       [21.5],
       [24. ],
       [25. ],
       [25.5],
       [31. ],
       [34. ],
       [34.5],
       [35.5],
       [38.5]], dtype=float32)]"
model_num,29
n1,195
lr,0.0001
bs,8
loss,[1.4505564  0.2564418  0.43483558 0.67065406 0.39811292]
loss_mean,0.6421202
loss_std,0.42559078
accuracy,[0.3125     0.6875     0.53333336 0.46666667 0.6666667 ]
accuracy_mean,0.53333336
accuracy_std,0.13766405
test_list,"[array([[ 3.5],
       [ 5.5],
       [15. ],
       [15.5],
       [18.5],
       [19. ],
       [23. ],
       [23.5],
       [24.5],
       [26. ],
       [29. ],
       [31.5],
       [32. ],
       [36. ],
       [36.5],
       [39. ]], dtype=float32), array([[ 3. ],
       [ 4. ],
       [ 5. ],
       [13. ],
       [17. ],
       [21. ],
       [22.5],
       [26.5],
       [27. ],
       [28. ],
       [28.5],
       [30. ],
       [32.5],
       [33. ],
       [37. ],
       [38. ]], dtype=float32), array([[ 2.5],
       [ 7. ],
       [ 7.5],
       [ 9. ],
       [11.5],
       [13.5],
       [16. ],
       [16.5],
       [17.5],
       [18. ],
       [22. ],
       [30.5],
       [33.5],
       [35. ],
       [40. ]], dtype=float32), array([[ 2. ],
       [ 4.5],
       [ 6. ],
       [ 8.5],
       [ 9.5],
       [10. ],
       [11. ],
       [12. ],
       [14.5],
       [19.5],
       [20.5],
       [27.5],
       [29.5],
       [37.5],
       [39.5]], dtype=float32), array([[ 6.5],
       [ 8. ],
       [10.5],
       [12.5],
       [14. ],
       [20. ],
       [21.5],
       [24. ],
       [25. ],
       [25.5],
       [31. ],
       [34. ],
       [34.5],
       [35.5],
       [38.5]], dtype=float32)]"
model_num,30
n1,200
lr,0.0001
bs,8
loss,[1.575272   0.21017084 0.6103022  0.69501144 0.16320746]
loss_mean,0.6507928
loss_std,0.50796527
accuracy,[0.4375     0.75       0.53333336 0.53333336 0.73333335]
accuracy_mean,0.59749997
accuracy_std,0.12291596
test_list,"[array([[ 3.5],
       [ 5.5],
       [15. ],
       [15.5],
       [18.5],
       [19. ],
       [23. ],
       [23.5],
       [24.5],
       [26. ],
       [29. ],
       [31.5],
       [32. ],
       [36. ],
       [36.5],
       [39. ]], dtype=float32), array([[ 3. ],
       [ 4. ],
       [ 5. ],
       [13. ],
       [17. ],
       [21. ],
       [22.5],
       [26.5],
       [27. ],
       [28. ],
       [28.5],
       [30. ],
       [32.5],
       [33. ],
       [37. ],
       [38. ]], dtype=float32), array([[ 2.5],
       [ 7. ],
       [ 7.5],
       [ 9. ],
       [11.5],
       [13.5],
       [16. ],
       [16.5],
       [17.5],
       [18. ],
       [22. ],
       [30.5],
       [33.5],
       [35. ],
       [40. ]], dtype=float32), array([[ 2. ],
       [ 4.5],
       [ 6. ],
       [ 8.5],
       [ 9.5],
       [10. ],
       [11. ],
       [12. ],
       [14.5],
       [19.5],
       [20.5],
       [27.5],
       [29.5],
       [37.5],
       [39.5]], dtype=float32), array([[ 6.5],
       [ 8. ],
       [10.5],
       [12.5],
       [14. ],
       [20. ],
       [21.5],
       [24. ],
       [25. ],
       [25.5],
       [31. ],
       [34. ],
       [34.5],
       [35.5],
       [38.5]], dtype=float32)]"
model_num,5
n1,200
lr,0.001
bs,4
loss,[0.88907826 0.3029518  0.18878946 0.33857936 0.21164306]
loss_mean,0.38620842
loss_std,0.2574978
accuracy,[0.4375     0.6875     0.73333335 0.8        0.8666667 ]
accuracy_mean,0.70500004
accuracy_std,0.14685121
test_list,"[array([[ 3.5],
       [ 5.5],
       [15. ],
       [15.5],
       [18.5],
       [19. ],
       [23. ],
       [23.5],
       [24.5],
       [26. ],
       [29. ],
       [31.5],
       [32. ],
       [36. ],
       [36.5],
       [39. ]], dtype=float32), array([[ 3. ],
       [ 4. ],
       [ 5. ],
       [13. ],
       [17. ],
       [21. ],
       [22.5],
       [26.5],
       [27. ],
       [28. ],
       [28.5],
       [30. ],
       [32.5],
       [33. ],
       [37. ],
       [38. ]], dtype=float32), array([[ 2.5],
       [ 7. ],
       [ 7.5],
       [ 9. ],
       [11.5],
       [13.5],
       [16. ],
       [16.5],
       [17.5],
       [18. ],
       [22. ],
       [30.5],
       [33.5],
       [35. ],
       [40. ]], dtype=float32), array([[ 2. ],
       [ 4.5],
       [ 6. ],
       [ 8.5],
       [ 9.5],
       [10. ],
       [11. ],
       [12. ],
       [14.5],
       [19.5],
       [20.5],
       [27.5],
       [29.5],
       [37.5],
       [39.5]], dtype=float32), array([[ 6.5],
       [ 8. ],
       [10.5],
       [12.5],
       [14. ],
       [20. ],
       [21.5],
       [24. ],
       [25. ],
       [25.5],
       [31. ],
       [34. ],
       [34.5],
       [35.5],
       [38.5]], dtype=float32)]"
model_num,6
n1,180
lr,0.0005
bs,4
loss,[0.9458961  0.34654838 0.15831712 0.33499688 0.21441354]
loss_mean,0.40003443
loss_std,0.28211272
accuracy,[0.5       0.5625    0.8       0.8666667 0.8      ]
accuracy_mean,0.7058333
accuracy_std,0.14595471
test_list,"[array([[ 3.5],
       [ 5.5],
       [15. ],
       [15.5],
       [18.5],
       [19. ],
       [23. ],
       [23.5],
       [24.5],
       [26. ],
       [29. ],
       [31.5],
       [32. ],
       [36. ],
       [36.5],
       [39. ]], dtype=float32), array([[ 3. ],
       [ 4. ],
       [ 5. ],
       [13. ],
       [17. ],
       [21. ],
       [22.5],
       [26.5],
       [27. ],
       [28. ],
       [28.5],
       [30. ],
       [32.5],
       [33. ],
       [37. ],
       [38. ]], dtype=float32), array([[ 2.5],
       [ 7. ],
       [ 7.5],
       [ 9. ],
       [11.5],
       [13.5],
       [16. ],
       [16.5],
       [17.5],
       [18. ],
       [22. ],
       [30.5],
       [33.5],
       [35. ],
       [40. ]], dtype=float32), array([[ 2. ],
       [ 4.5],
       [ 6. ],
       [ 8.5],
       [ 9.5],
       [10. ],
       [11. ],
       [12. ],
       [14.5],
       [19.5],
       [20.5],
       [27.5],
       [29.5],
       [37.5],
       [39.5]], dtype=float32), array([[ 6.5],
       [ 8. ],
       [10.5],
       [12.5],
       [14. ],
       [20. ],
       [21.5],
       [24. ],
       [25. ],
       [25.5],
       [31. ],
       [34. ],
       [34.5],
       [35.5],
       [38.5]], dtype=float32)]"
model_num,7
n1,185
lr,0.0005
bs,4
loss,[1.1696095  0.3579993  0.12601478 0.41645268 0.22289279]
loss_mean,0.45859385
loss_std,0.3697573
accuracy,[0.5625     0.5625     0.8666667  0.73333335 0.73333335]
accuracy_mean,0.69166666
accuracy_std,0.11615962
test_list,"[array([[ 3.5],
       [ 5.5],
       [15. ],
       [15.5],
       [18.5],
       [19. ],
       [23. ],
       [23.5],
       [24.5],
       [26. ],
       [29. ],
       [31.5],
       [32. ],
       [36. ],
       [36.5],
       [39. ]], dtype=float32), array([[ 3. ],
       [ 4. ],
       [ 5. ],
       [13. ],
       [17. ],
       [21. ],
       [22.5],
       [26.5],
       [27. ],
       [28. ],
       [28.5],
       [30. ],
       [32.5],
       [33. ],
       [37. ],
       [38. ]], dtype=float32), array([[ 2.5],
       [ 7. ],
       [ 7.5],
       [ 9. ],
       [11.5],
       [13.5],
       [16. ],
       [16.5],
       [17.5],
       [18. ],
       [22. ],
       [30.5],
       [33.5],
       [35. ],
       [40. ]], dtype=float32), array([[ 2. ],
       [ 4.5],
       [ 6. ],
       [ 8.5],
       [ 9.5],
       [10. ],
       [11. ],
       [12. ],
       [14.5],
       [19.5],
       [20.5],
       [27.5],
       [29.5],
       [37.5],
       [39.5]], dtype=float32), array([[ 6.5],
       [ 8. ],
       [10.5],
       [12.5],
       [14. ],
       [20. ],
       [21.5],
       [24. ],
       [25. ],
       [25.5],
       [31. ],
       [34. ],
       [34.5],
       [35.5],
       [38.5]], dtype=float32)]"
model_num,8
n1,190
lr,0.0005
bs,4
loss,[0.8790809  0.28293127 0.1495607  0.47948804 0.20264918]
loss_mean,0.39874202
loss_std,0.26502877
accuracy,[0.5625     0.625      0.8        0.73333335 0.8       ]
accuracy_mean,0.70416665
accuracy_std,0.095452145
test_list,"[array([[ 3.5],
       [ 5.5],
       [15. ],
       [15.5],
       [18.5],
       [19. ],
       [23. ],
       [23.5],
       [24.5],
       [26. ],
       [29. ],
       [31.5],
       [32. ],
       [36. ],
       [36.5],
       [39. ]], dtype=float32), array([[ 3. ],
       [ 4. ],
       [ 5. ],
       [13. ],
       [17. ],
       [21. ],
       [22.5],
       [26.5],
       [27. ],
       [28. ],
       [28.5],
       [30. ],
       [32.5],
       [33. ],
       [37. ],
       [38. ]], dtype=float32), array([[ 2.5],
       [ 7. ],
       [ 7.5],
       [ 9. ],
       [11.5],
       [13.5],
       [16. ],
       [16.5],
       [17.5],
       [18. ],
       [22. ],
       [30.5],
       [33.5],
       [35. ],
       [40. ]], dtype=float32), array([[ 2. ],
       [ 4.5],
       [ 6. ],
       [ 8.5],
       [ 9.5],
       [10. ],
       [11. ],
       [12. ],
       [14.5],
       [19.5],
       [20.5],
       [27.5],
       [29.5],
       [37.5],
       [39.5]], dtype=float32), array([[ 6.5],
       [ 8. ],
       [10.5],
       [12.5],
       [14. ],
       [20. ],
       [21.5],
       [24. ],
       [25. ],
       [25.5],
       [31. ],
       [34. ],
       [34.5],
       [35.5],
       [38.5]], dtype=float32)]"
model_num,31
n1,180
lr,0.001
bs,16
loss,[1.4312124  0.45304084 0.34430256 0.3405566  0.24043988]
loss_mean,0.5619105
loss_std,0.43982556
accuracy,[0.5        0.5625     0.6666667  0.73333335 0.73333335]
accuracy_mean,0.6391667
accuracy_std,0.09352659
test_list,"[array([[ 3.5],
       [ 5.5],
       [15. ],
       [15.5],
       [18.5],
       [19. ],
       [23. ],
       [23.5],
       [24.5],
       [26. ],
       [29. ],
       [31.5],
       [32. ],
       [36. ],
       [36.5],
       [39. ]], dtype=float32), array([[ 3. ],
       [ 4. ],
       [ 5. ],
       [13. ],
       [17. ],
       [21. ],
       [22.5],
       [26.5],
       [27. ],
       [28. ],
       [28.5],
       [30. ],
       [32.5],
       [33. ],
       [37. ],
       [38. ]], dtype=float32), array([[ 2.5],
       [ 7. ],
       [ 7.5],
       [ 9. ],
       [11.5],
       [13.5],
       [16. ],
       [16.5],
       [17.5],
       [18. ],
       [22. ],
       [30.5],
       [33.5],
       [35. ],
       [40. ]], dtype=float32), array([[ 2. ],
       [ 4.5],
       [ 6. ],
       [ 8.5],
       [ 9.5],
       [10. ],
       [11. ],
       [12. ],
       [14.5],
       [19.5],
       [20.5],
       [27.5],
       [29.5],
       [37.5],
       [39.5]], dtype=float32), array([[ 6.5],
       [ 8. ],
       [10.5],
       [12.5],
       [14. ],
       [20. ],
       [21.5],
       [24. ],
       [25. ],
       [25.5],
       [31. ],
       [34. ],
       [34.5],
       [35.5],
       [38.5]], dtype=float32)]"
model_num,32
n1,185
lr,0.001
bs,16
loss,[1.5506685  0.48231956 0.34629574 0.32135555 0.23820892]
loss_mean,0.5877697
loss_std,0.48780584
accuracy,[0.5        0.625      0.6666667  0.73333335 0.73333335]
accuracy_mean,0.6516667
accuracy_std,0.08634557
test_list,"[array([[ 3.5],
       [ 5.5],
       [15. ],
       [15.5],
       [18.5],
       [19. ],
       [23. ],
       [23.5],
       [24.5],
       [26. ],
       [29. ],
       [31.5],
       [32. ],
       [36. ],
       [36.5],
       [39. ]], dtype=float32), array([[ 3. ],
       [ 4. ],
       [ 5. ],
       [13. ],
       [17. ],
       [21. ],
       [22.5],
       [26.5],
       [27. ],
       [28. ],
       [28.5],
       [30. ],
       [32.5],
       [33. ],
       [37. ],
       [38. ]], dtype=float32), array([[ 2.5],
       [ 7. ],
       [ 7.5],
       [ 9. ],
       [11.5],
       [13.5],
       [16. ],
       [16.5],
       [17.5],
       [18. ],
       [22. ],
       [30.5],
       [33.5],
       [35. ],
       [40. ]], dtype=float32), array([[ 2. ],
       [ 4.5],
       [ 6. ],
       [ 8.5],
       [ 9.5],
       [10. ],
       [11. ],
       [12. ],
       [14.5],
       [19.5],
       [20.5],
       [27.5],
       [29.5],
       [37.5],
       [39.5]], dtype=float32), array([[ 6.5],
       [ 8. ],
       [10.5],
       [12.5],
       [14. ],
       [20. ],
       [21.5],
       [24. ],
       [25. ],
       [25.5],
       [31. ],
       [34. ],
       [34.5],
       [35.5],
       [38.5]], dtype=float32)]"
model_num,35
n1,200
lr,0.001
bs,16
loss,[0.8532772  0.45867473 0.34429327 0.3587326  0.2390832 ]
loss_mean,0.4508122
loss_std,0.2129291
accuracy,[0.5625     0.5625     0.6666667  0.73333335 0.73333335]
accuracy_mean,0.6516667
accuracy_std,0.076766245
test_list,"[array([[ 3.5],
       [ 5.5],
       [15. ],
       [15.5],
       [18.5],
       [19. ],
       [23. ],
       [23.5],
       [24.5],
       [26. ],
       [29. ],
       [31.5],
       [32. ],
       [36. ],
       [36.5],
       [39. ]], dtype=float32), array([[ 3. ],
       [ 4. ],
       [ 5. ],
       [13. ],
       [17. ],
       [21. ],
       [22.5],
       [26.5],
       [27. ],
       [28. ],
       [28.5],
       [30. ],
       [32.5],
       [33. ],
       [37. ],
       [38. ]], dtype=float32), array([[ 2.5],
       [ 7. ],
       [ 7.5],
       [ 9. ],
       [11.5],
       [13.5],
       [16. ],
       [16.5],
       [17.5],
       [18. ],
       [22. ],
       [30.5],
       [33.5],
       [35. ],
       [40. ]], dtype=float32), array([[ 2. ],
       [ 4.5],
       [ 6. ],
       [ 8.5],
       [ 9.5],
       [10. ],
       [11. ],
       [12. ],
       [14.5],
       [19.5],
       [20.5],
       [27.5],
       [29.5],
       [37.5],
       [39.5]], dtype=float32), array([[ 6.5],
       [ 8. ],
       [10.5],
       [12.5],
       [14. ],
       [20. ],
       [21.5],
       [24. ],
       [25. ],
       [25.5],
       [31. ],
       [34. ],
       [34.5],
       [35.5],
       [38.5]], dtype=float32)]"
model_num,36
n1,180
lr,0.0005
bs,16
loss,[1.4900761  0.43466043 0.7616853  0.4857458  0.30637786]
loss_mean,0.6957091
loss_std,0.42407113
accuracy,[0.4375     0.625      0.33333334 0.73333335 0.73333335]
accuracy_mean,0.5725
accuracy_std,0.16119348
test_list,"[array([[ 3.5],
       [ 5.5],
       [15. ],
       [15.5],
       [18.5],
       [19. ],
       [23. ],
       [23.5],
       [24.5],
       [26. ],
       [29. ],
       [31.5],
       [32. ],
       [36. ],
       [36.5],
       [39. ]], dtype=float32), array([[ 3. ],
       [ 4. ],
       [ 5. ],
       [13. ],
       [17. ],
       [21. ],
       [22.5],
       [26.5],
       [27. ],
       [28. ],
       [28.5],
       [30. ],
       [32.5],
       [33. ],
       [37. ],
       [38. ]], dtype=float32), array([[ 2.5],
       [ 7. ],
       [ 7.5],
       [ 9. ],
       [11.5],
       [13.5],
       [16. ],
       [16.5],
       [17.5],
       [18. ],
       [22. ],
       [30.5],
       [33.5],
       [35. ],
       [40. ]], dtype=float32), array([[ 2. ],
       [ 4.5],
       [ 6. ],
       [ 8.5],
       [ 9.5],
       [10. ],
       [11. ],
       [12. ],
       [14.5],
       [19.5],
       [20.5],
       [27.5],
       [29.5],
       [37.5],
       [39.5]], dtype=float32), array([[ 6.5],
       [ 8. ],
       [10.5],
       [12.5],
       [14. ],
       [20. ],
       [21.5],
       [24. ],
       [25. ],
       [25.5],
       [31. ],
       [34. ],
       [34.5],
       [35.5],
       [38.5]], dtype=float32)]"
model_num,3
n1,190
lr,0.001
bs,4
loss,[0.68790853 0.41279984 0.20168243 0.6104165  0.15114422]
loss_mean,0.4127903
loss_std,0.21343447
accuracy,[0.5        0.625      0.73333335 0.73333335 0.8       ]
accuracy_mean,0.67833334
accuracy_std,0.10535654
test_list,"[array([[ 3.5],
       [ 5.5],
       [15. ],
       [15.5],
       [18.5],
       [19. ],
       [23. ],
       [23.5],
       [24.5],
       [26. ],
       [29. ],
       [31.5],
       [32. ],
       [36. ],
       [36.5],
       [39. ]], dtype=float32), array([[ 3. ],
       [ 4. ],
       [ 5. ],
       [13. ],
       [17. ],
       [21. ],
       [22.5],
       [26.5],
       [27. ],
       [28. ],
       [28.5],
       [30. ],
       [32.5],
       [33. ],
       [37. ],
       [38. ]], dtype=float32), array([[ 2.5],
       [ 7. ],
       [ 7.5],
       [ 9. ],
       [11.5],
       [13.5],
       [16. ],
       [16.5],
       [17.5],
       [18. ],
       [22. ],
       [30.5],
       [33.5],
       [35. ],
       [40. ]], dtype=float32), array([[ 2. ],
       [ 4.5],
       [ 6. ],
       [ 8.5],
       [ 9.5],
       [10. ],
       [11. ],
       [12. ],
       [14.5],
       [19.5],
       [20.5],
       [27.5],
       [29.5],
       [37.5],
       [39.5]], dtype=float32), array([[ 6.5],
       [ 8. ],
       [10.5],
       [12.5],
       [14. ],
       [20. ],
       [21.5],
       [24. ],
       [25. ],
       [25.5],
       [31. ],
       [34. ],
       [34.5],
       [35.5],
       [38.5]], dtype=float32)]"
model_num,4
n1,195
lr,0.001
bs,4
loss,[0.4219717  0.19279116 0.09869746 0.47616118 0.1831135 ]
loss_mean,0.274547
loss_std,0.14720699
accuracy,[0.75      0.75      0.8666667 0.8       0.8666667]
accuracy_mean,0.8066667
accuracy_std,0.052281294
test_list,"[array([[ 3.5],
       [ 5.5],
       [15. ],
       [15.5],
       [18.5],
       [19. ],
       [23. ],
       [23.5],
       [24.5],
       [26. ],
       [29. ],
       [31.5],
       [32. ],
       [36. ],
       [36.5],
       [39. ]], dtype=float32), array([[ 3. ],
       [ 4. ],
       [ 5. ],
       [13. ],
       [17. ],
       [21. ],
       [22.5],
       [26.5],
       [27. ],
       [28. ],
       [28.5],
       [30. ],
       [32.5],
       [33. ],
       [37. ],
       [38. ]], dtype=float32), array([[ 2.5],
       [ 7. ],
       [ 7.5],
       [ 9. ],
       [11.5],
       [13.5],
       [16. ],
       [16.5],
       [17.5],
       [18. ],
       [22. ],
       [30.5],
       [33.5],
       [35. ],
       [40. ]], dtype=float32), array([[ 2. ],
       [ 4.5],
       [ 6. ],
       [ 8.5],
       [ 9.5],
       [10. ],
       [11. ],
       [12. ],
       [14.5],
       [19.5],
       [20.5],
       [27.5],
       [29.5],
       [37.5],
       [39.5]], dtype=float32), array([[ 6.5],
       [ 8. ],
       [10.5],
       [12.5],
       [14. ],
       [20. ],
       [21.5],
       [24. ],
       [25. ],
       [25.5],
       [31. ],
       [34. ],
       [34.5],
       [35.5],
       [38.5]], dtype=float32)]"
model_num,1
n1,180
lr,0.001
bs,4
loss,[0.89554083 0.3398487  0.17577419 0.617774   0.22687356]
loss_mean,0.45116228
loss_std,0.2697282
accuracy,[0.5       0.625     0.8       0.8666667 0.8666667]
accuracy_mean,0.7316667
accuracy_std,0.14571662
test_list,"[array([[ 3.5],
       [ 5.5],
       [15. ],
       [15.5],
       [18.5],
       [19. ],
       [23. ],
       [23.5],
       [24.5],
       [26. ],
       [29. ],
       [31.5],
       [32. ],
       [36. ],
       [36.5],
       [39. ]], dtype=float32), array([[ 3. ],
       [ 4. ],
       [ 5. ],
       [13. ],
       [17. ],
       [21. ],
       [22.5],
       [26.5],
       [27. ],
       [28. ],
       [28.5],
       [30. ],
       [32.5],
       [33. ],
       [37. ],
       [38. ]], dtype=float32), array([[ 2.5],
       [ 7. ],
       [ 7.5],
       [ 9. ],
       [11.5],
       [13.5],
       [16. ],
       [16.5],
       [17.5],
       [18. ],
       [22. ],
       [30.5],
       [33.5],
       [35. ],
       [40. ]], dtype=float32), array([[ 2. ],
       [ 4.5],
       [ 6. ],
       [ 8.5],
       [ 9.5],
       [10. ],
       [11. ],
       [12. ],
       [14.5],
       [19.5],
       [20.5],
       [27.5],
       [29.5],
       [37.5],
       [39.5]], dtype=float32), array([[ 6.5],
       [ 8. ],
       [10.5],
       [12.5],
       [14. ],
       [20. ],
       [21.5],
       [24. ],
       [25. ],
       [25.5],
       [31. ],
       [34. ],
       [34.5],
       [35.5],
       [38.5]], dtype=float32)]"
model_num,2
n1,185
lr,0.001
bs,4
loss,[0.52730644 0.47270674 0.12930202 0.41014096 0.32315895]
loss_mean,0.372523
loss_std,0.13928607
accuracy,[0.4375     0.4375     0.8        0.73333335 0.8       ]
accuracy_mean,0.64166665
accuracy_std,0.16846941
test_list,"[array([[ 3.5],
       [ 5.5],
       [15. ],
       [15.5],
       [18.5],
       [19. ],
       [23. ],
       [23.5],
       [24.5],
       [26. ],
       [29. ],
       [31.5],
       [32. ],
       [36. ],
       [36.5],
       [39. ]], dtype=float32), array([[ 3. ],
       [ 4. ],
       [ 5. ],
       [13. ],
       [17. ],
       [21. ],
       [22.5],
       [26.5],
       [27. ],
       [28. ],
       [28.5],
       [30. ],
       [32.5],
       [33. ],
       [37. ],
       [38. ]], dtype=float32), array([[ 2.5],
       [ 7. ],
       [ 7.5],
       [ 9. ],
       [11.5],
       [13.5],
       [16. ],
       [16.5],
       [17.5],
       [18. ],
       [22. ],
       [30.5],
       [33.5],
       [35. ],
       [40. ]], dtype=float32), array([[ 2. ],
       [ 4.5],
       [ 6. ],
       [ 8.5],
       [ 9.5],
       [10. ],
       [11. ],
       [12. ],
       [14.5],
       [19.5],
       [20.5],
       [27.5],
       [29.5],
       [37.5],
       [39.5]], dtype=float32), array([[ 6.5],
       [ 8. ],
       [10.5],
       [12.5],
       [14. ],
       [20. ],
       [21.5],
       [24. ],
       [25. ],
       [25.5],
       [31. ],
       [34. ],
       [34.5],
       [35.5],
       [38.5]], dtype=float32)]"
model_num,33
n1,190
lr,0.001
bs,16
loss,[1.5725108  0.38046086 0.31068432 0.43200532 0.27428022]
loss_mean,0.59398836
loss_std,0.49230343
accuracy,[0.375      0.5625     0.6666667  0.6666667  0.73333335]
accuracy_mean,0.60083336
accuracy_std,0.12545474
test_list,"[array([[ 3.5],
       [ 5.5],
       [15. ],
       [15.5],
       [18.5],
       [19. ],
       [23. ],
       [23.5],
       [24.5],
       [26. ],
       [29. ],
       [31.5],
       [32. ],
       [36. ],
       [36.5],
       [39. ]], dtype=float32), array([[ 3. ],
       [ 4. ],
       [ 5. ],
       [13. ],
       [17. ],
       [21. ],
       [22.5],
       [26.5],
       [27. ],
       [28. ],
       [28.5],
       [30. ],
       [32.5],
       [33. ],
       [37. ],
       [38. ]], dtype=float32), array([[ 2.5],
       [ 7. ],
       [ 7.5],
       [ 9. ],
       [11.5],
       [13.5],
       [16. ],
       [16.5],
       [17.5],
       [18. ],
       [22. ],
       [30.5],
       [33.5],
       [35. ],
       [40. ]], dtype=float32), array([[ 2. ],
       [ 4.5],
       [ 6. ],
       [ 8.5],
       [ 9.5],
       [10. ],
       [11. ],
       [12. ],
       [14.5],
       [19.5],
       [20.5],
       [27.5],
       [29.5],
       [37.5],
       [39.5]], dtype=float32), array([[ 6.5],
       [ 8. ],
       [10.5],
       [12.5],
       [14. ],
       [20. ],
       [21.5],
       [24. ],
       [25. ],
       [25.5],
       [31. ],
       [34. ],
       [34.5],
       [35.5],
       [38.5]], dtype=float32)]"
model_num,34
n1,195
lr,0.001
bs,16
loss,[1.5630772  0.35637203 0.35322332 0.35767415 0.14911458]
loss_mean,0.5558923
loss_std,0.50991434
accuracy,[0.4375    0.5       0.6666667 0.6666667 0.8666667]
accuracy_mean,0.62750006
accuracy_std,0.15008332
test_list,"[array([[ 3.5],
       [ 5.5],
       [15. ],
       [15.5],
       [18.5],
       [19. ],
       [23. ],
       [23.5],
       [24.5],
       [26. ],
       [29. ],
       [31.5],
       [32. ],
       [36. ],
       [36.5],
       [39. ]], dtype=float32), array([[ 3. ],
       [ 4. ],
       [ 5. ],
       [13. ],
       [17. ],
       [21. ],
       [22.5],
       [26.5],
       [27. ],
       [28. ],
       [28.5],
       [30. ],
       [32.5],
       [33. ],
       [37. ],
       [38. ]], dtype=float32), array([[ 2.5],
       [ 7. ],
       [ 7.5],
       [ 9. ],
       [11.5],
       [13.5],
       [16. ],
       [16.5],
       [17.5],
       [18. ],
       [22. ],
       [30.5],
       [33.5],
       [35. ],
       [40. ]], dtype=float32), array([[ 2. ],
       [ 4.5],
       [ 6. ],
       [ 8.5],
       [ 9.5],
       [10. ],
       [11. ],
       [12. ],
       [14.5],
       [19.5],
       [20.5],
       [27.5],
       [29.5],
       [37.5],
       [39.5]], dtype=float32), array([[ 6.5],
       [ 8. ],
       [10.5],
       [12.5],
       [14. ],
       [20. ],
       [21.5],
       [24. ],
       [25. ],
       [25.5],
       [31. ],
       [34. ],
       [34.5],
       [35.5],
       [38.5]], dtype=float32)]"
model_num,25
n1,200
lr,0.0005
bs,8
loss,[1.7039478  0.39846522 0.35512912 0.5465996  0.2813711 ]
loss_mean,0.6571025
loss_std,0.53053766
accuracy,[0.375      0.625      0.6        0.8666667  0.73333335]
accuracy_mean,0.64
accuracy_std,0.16256623
test_list,"[array([[ 3.5],
       [ 5.5],
       [15. ],
       [15.5],
       [18.5],
       [19. ],
       [23. ],
       [23.5],
       [24.5],
       [26. ],
       [29. ],
       [31.5],
       [32. ],
       [36. ],
       [36.5],
       [39. ]], dtype=float32), array([[ 3. ],
       [ 4. ],
       [ 5. ],
       [13. ],
       [17. ],
       [21. ],
       [22.5],
       [26.5],
       [27. ],
       [28. ],
       [28.5],
       [30. ],
       [32.5],
       [33. ],
       [37. ],
       [38. ]], dtype=float32), array([[ 2.5],
       [ 7. ],
       [ 7.5],
       [ 9. ],
       [11.5],
       [13.5],
       [16. ],
       [16.5],
       [17.5],
       [18. ],
       [22. ],
       [30.5],
       [33.5],
       [35. ],
       [40. ]], dtype=float32), array([[ 2. ],
       [ 4.5],
       [ 6. ],
       [ 8.5],
       [ 9.5],
       [10. ],
       [11. ],
       [12. ],
       [14.5],
       [19.5],
       [20.5],
       [27.5],
       [29.5],
       [37.5],
       [39.5]], dtype=float32), array([[ 6.5],
       [ 8. ],
       [10.5],
       [12.5],
       [14. ],
       [20. ],
       [21.5],
       [24. ],
       [25. ],
       [25.5],
       [31. ],
       [34. ],
       [34.5],
       [35.5],
       [38.5]], dtype=float32)]"
model_num,26
n1,180
lr,0.0001
bs,8
loss,[1.9876468  0.38426    0.4662824  0.6064634  0.20359685]
loss_mean,0.7296499
loss_std,0.64235806
accuracy,[0.5625     0.5625     0.53333336 0.53333336 0.8       ]
accuracy_mean,0.5983333
accuracy_std,0.1016735
test_list,"[array([[ 3.5],
       [ 5.5],
       [15. ],
       [15.5],
       [18.5],
       [19. ],
       [23. ],
       [23.5],
       [24.5],
       [26. ],
       [29. ],
       [31.5],
       [32. ],
       [36. ],
       [36.5],
       [39. ]], dtype=float32), array([[ 3. ],
       [ 4. ],
       [ 5. ],
       [13. ],
       [17. ],
       [21. ],
       [22.5],
       [26.5],
       [27. ],
       [28. ],
       [28.5],
       [30. ],
       [32.5],
       [33. ],
       [37. ],
       [38. ]], dtype=float32), array([[ 2.5],
       [ 7. ],
       [ 7.5],
       [ 9. ],
       [11.5],
       [13.5],
       [16. ],
       [16.5],
       [17.5],
       [18. ],
       [22. ],
       [30.5],
       [33.5],
       [35. ],
       [40. ]], dtype=float32), array([[ 2. ],
       [ 4.5],
       [ 6. ],
       [ 8.5],
       [ 9.5],
       [10. ],
       [11. ],
       [12. ],
       [14.5],
       [19.5],
       [20.5],
       [27.5],
       [29.5],
       [37.5],
       [39.5]], dtype=float32), array([[ 6.5],
       [ 8. ],
       [10.5],
       [12.5],
       [14. ],
       [20. ],
       [21.5],
       [24. ],
       [25. ],
       [25.5],
       [31. ],
       [34. ],
       [34.5],
       [35.5],
       [38.5]], dtype=float32)]"
model_num,9
n1,195
lr,0.0005
bs,4
loss,[0.8273014  0.30191892 0.12110553 0.37897676 0.19523042]
loss_mean,0.3649066
loss_std,0.2474685
accuracy,[0.5        0.75       0.8        0.73333335 0.73333335]
accuracy_mean,0.7033333
accuracy_std,0.10456258
test_list,"[array([[ 3.5],
       [ 5.5],
       [15. ],
       [15.5],
       [18.5],
       [19. ],
       [23. ],
       [23.5],
       [24.5],
       [26. ],
       [29. ],
       [31.5],
       [32. ],
       [36. ],
       [36.5],
       [39. ]], dtype=float32), array([[ 3. ],
       [ 4. ],
       [ 5. ],
       [13. ],
       [17. ],
       [21. ],
       [22.5],
       [26.5],
       [27. ],
       [28. ],
       [28.5],
       [30. ],
       [32.5],
       [33. ],
       [37. ],
       [38. ]], dtype=float32), array([[ 2.5],
       [ 7. ],
       [ 7.5],
       [ 9. ],
       [11.5],
       [13.5],
       [16. ],
       [16.5],
       [17.5],
       [18. ],
       [22. ],
       [30.5],
       [33.5],
       [35. ],
       [40. ]], dtype=float32), array([[ 2. ],
       [ 4.5],
       [ 6. ],
       [ 8.5],
       [ 9.5],
       [10. ],
       [11. ],
       [12. ],
       [14.5],
       [19.5],
       [20.5],
       [27.5],
       [29.5],
       [37.5],
       [39.5]], dtype=float32), array([[ 6.5],
       [ 8. ],
       [10.5],
       [12.5],
       [14. ],
       [20. ],
       [21.5],
       [24. ],
       [25. ],
       [25.5],
       [31. ],
       [34. ],
       [34.5],
       [35.5],
       [38.5]], dtype=float32)]"
model_num,10
n1,200
lr,0.0005
bs,4
loss,[0.7491355  0.36885476 0.19385166 0.59736764 0.18024613]
loss_mean,0.41789117
loss_std,0.22405715
accuracy,[0.4375     0.6875     0.8666667  0.6666667  0.73333335]
accuracy_mean,0.67833334
accuracy_std,0.13907932
test_list,"[array([[ 3.5],
       [ 5.5],
       [15. ],
       [15.5],
       [18.5],
       [19. ],
       [23. ],
       [23.5],
       [24.5],
       [26. ],
       [29. ],
       [31.5],
       [32. ],
       [36. ],
       [36.5],
       [39. ]], dtype=float32), array([[ 3. ],
       [ 4. ],
       [ 5. ],
       [13. ],
       [17. ],
       [21. ],
       [22.5],
       [26.5],
       [27. ],
       [28. ],
       [28.5],
       [30. ],
       [32.5],
       [33. ],
       [37. ],
       [38. ]], dtype=float32), array([[ 2.5],
       [ 7. ],
       [ 7.5],
       [ 9. ],
       [11.5],
       [13.5],
       [16. ],
       [16.5],
       [17.5],
       [18. ],
       [22. ],
       [30.5],
       [33.5],
       [35. ],
       [40. ]], dtype=float32), array([[ 2. ],
       [ 4.5],
       [ 6. ],
       [ 8.5],
       [ 9.5],
       [10. ],
       [11. ],
       [12. ],
       [14.5],
       [19.5],
       [20.5],
       [27.5],
       [29.5],
       [37.5],
       [39.5]], dtype=float32), array([[ 6.5],
       [ 8. ],
       [10.5],
       [12.5],
       [14. ],
       [20. ],
       [21.5],
       [24. ],
       [25. ],
       [25.5],
       [31. ],
       [34. ],
       [34.5],
       [35.5],
       [38.5]], dtype=float32)]"
model_num,11
n1,180
lr,0.0001
bs,4
loss,[1.3549516  0.3579557  0.40228885 0.63024104 0.14756714]
loss_mean,0.5786008
loss_std,0.41736016
accuracy,[0.625      0.6875     0.46666667 0.6        0.8       ]
accuracy_mean,0.6358333
accuracy_std,0.109214365
test_list,"[array([[ 3.5],
       [ 5.5],
       [15. ],
       [15.5],
       [18.5],
       [19. ],
       [23. ],
       [23.5],
       [24.5],
       [26. ],
       [29. ],
       [31.5],
       [32. ],
       [36. ],
       [36.5],
       [39. ]], dtype=float32), array([[ 3. ],
       [ 4. ],
       [ 5. ],
       [13. ],
       [17. ],
       [21. ],
       [22.5],
       [26.5],
       [27. ],
       [28. ],
       [28.5],
       [30. ],
       [32.5],
       [33. ],
       [37. ],
       [38. ]], dtype=float32), array([[ 2.5],
       [ 7. ],
       [ 7.5],
       [ 9. ],
       [11.5],
       [13.5],
       [16. ],
       [16.5],
       [17.5],
       [18. ],
       [22. ],
       [30.5],
       [33.5],
       [35. ],
       [40. ]], dtype=float32), array([[ 2. ],
       [ 4.5],
       [ 6. ],
       [ 8.5],
       [ 9.5],
       [10. ],
       [11. ],
       [12. ],
       [14.5],
       [19.5],
       [20.5],
       [27.5],
       [29.5],
       [37.5],
       [39.5]], dtype=float32), array([[ 6.5],
       [ 8. ],
       [10.5],
       [12.5],
       [14. ],
       [20. ],
       [21.5],
       [24. ],
       [25. ],
       [25.5],
       [31. ],
       [34. ],
       [34.5],
       [35.5],
       [38.5]], dtype=float32)]"
model_num,12
n1,185
lr,0.0001
bs,4
loss,[1.8539104  0.3216691  0.55051386 0.6186529  0.20498855]
loss_mean,0.70994693
loss_std,0.591295
accuracy,[0.625      0.6875     0.53333336 0.6        0.73333335]
accuracy_mean,0.6358333
accuracy_std,0.0694022
test_list,"[array([[ 3.5],
       [ 5.5],
       [15. ],
       [15.5],
       [18.5],
       [19. ],
       [23. ],
       [23.5],
       [24.5],
       [26. ],
       [29. ],
       [31.5],
       [32. ],
       [36. ],
       [36.5],
       [39. ]], dtype=float32), array([[ 3. ],
       [ 4. ],
       [ 5. ],
       [13. ],
       [17. ],
       [21. ],
       [22.5],
       [26.5],
       [27. ],
       [28. ],
       [28.5],
       [30. ],
       [32.5],
       [33. ],
       [37. ],
       [38. ]], dtype=float32), array([[ 2.5],
       [ 7. ],
       [ 7.5],
       [ 9. ],
       [11.5],
       [13.5],
       [16. ],
       [16.5],
       [17.5],
       [18. ],
       [22. ],
       [30.5],
       [33.5],
       [35. ],
       [40. ]], dtype=float32), array([[ 2. ],
       [ 4.5],
       [ 6. ],
       [ 8.5],
       [ 9.5],
       [10. ],
       [11. ],
       [12. ],
       [14.5],
       [19.5],
       [20.5],
       [27.5],
       [29.5],
       [37.5],
       [39.5]], dtype=float32), array([[ 6.5],
       [ 8. ],
       [10.5],
       [12.5],
       [14. ],
       [20. ],
       [21.5],
       [24. ],
       [25. ],
       [25.5],
       [31. ],
       [34. ],
       [34.5],
       [35.5],
       [38.5]], dtype=float32)]"
model_num,27
n1,185
lr,0.0001
bs,8
loss,[2.1113806  0.24035543 0.635466   0.66507477 0.29255062]
loss_mean,0.7889655
loss_std,0.68338764
accuracy,[0.3125     0.75       0.53333336 0.46666667 0.6666667 ]
accuracy_mean,0.54583335
accuracy_std,0.15307042
test_list,"[array([[ 3.5],
       [ 5.5],
       [15. ],
       [15.5],
       [18.5],
       [19. ],
       [23. ],
       [23.5],
       [24.5],
       [26. ],
       [29. ],
       [31.5],
       [32. ],
       [36. ],
       [36.5],
       [39. ]], dtype=float32), array([[ 3. ],
       [ 4. ],
       [ 5. ],
       [13. ],
       [17. ],
       [21. ],
       [22.5],
       [26.5],
       [27. ],
       [28. ],
       [28.5],
       [30. ],
       [32.5],
       [33. ],
       [37. ],
       [38. ]], dtype=float32), array([[ 2.5],
       [ 7. ],
       [ 7.5],
       [ 9. ],
       [11.5],
       [13.5],
       [16. ],
       [16.5],
       [17.5],
       [18. ],
       [22. ],
       [30.5],
       [33.5],
       [35. ],
       [40. ]], dtype=float32), array([[ 2. ],
       [ 4.5],
       [ 6. ],
       [ 8.5],
       [ 9.5],
       [10. ],
       [11. ],
       [12. ],
       [14.5],
       [19.5],
       [20.5],
       [27.5],
       [29.5],
       [37.5],
       [39.5]], dtype=float32), array([[ 6.5],
       [ 8. ],
       [10.5],
       [12.5],
       [14. ],
       [20. ],
       [21.5],
       [24. ],
       [25. ],
       [25.5],
       [31. ],
       [34. ],
       [34.5],
       [35.5],
       [38.5]], dtype=float32)]"
model_num,28
n1,190
lr,0.0001
bs,8
loss,[1.7338486  0.3261879  0.41731897 0.70395476 0.21995084]
loss_mean,0.6802522
loss_std,0.55081755
accuracy,[0.3125     0.75       0.53333336 0.53333336 0.8       ]
accuracy_mean,0.5858333
accuracy_std,0.17495237
test_list,"[array([[ 3.5],
       [ 5.5],
       [15. ],
       [15.5],
       [18.5],
       [19. ],
       [23. ],
       [23.5],
       [24.5],
       [26. ],
       [29. ],
       [31.5],
       [32. ],
       [36. ],
       [36.5],
       [39. ]], dtype=float32), array([[ 3. ],
       [ 4. ],
       [ 5. ],
       [13. ],
       [17. ],
       [21. ],
       [22.5],
       [26.5],
       [27. ],
       [28. ],
       [28.5],
       [30. ],
       [32.5],
       [33. ],
       [37. ],
       [38. ]], dtype=float32), array([[ 2.5],
       [ 7. ],
       [ 7.5],
       [ 9. ],
       [11.5],
       [13.5],
       [16. ],
       [16.5],
       [17.5],
       [18. ],
       [22. ],
       [30.5],
       [33.5],
       [35. ],
       [40. ]], dtype=float32), array([[ 2. ],
       [ 4.5],
       [ 6. ],
       [ 8.5],
       [ 9.5],
       [10. ],
       [11. ],
       [12. ],
       [14.5],
       [19.5],
       [20.5],
       [27.5],
       [29.5],
       [37.5],
       [39.5]], dtype=float32), array([[ 6.5],
       [ 8. ],
       [10.5],
       [12.5],
       [14. ],
       [20. ],
       [21.5],
       [24. ],
       [25. ],
       [25.5],
       [31. ],
       [34. ],
       [34.5],
       [35.5],
       [38.5]], dtype=float32)]"
model_num,23
n1,190
lr,0.0005
bs,8
loss,[1.4835272  0.37150836 0.35353503 0.5797584  0.2890315 ]
loss_mean,0.6154721
loss_std,0.44485682
accuracy,[0.3125     0.5625     0.53333336 0.8        0.6666667 ]
accuracy_mean,0.575
accuracy_std,0.16113745
test_list,"[array([[ 3.5],
       [ 5.5],
       [15. ],
       [15.5],
       [18.5],
       [19. ],
       [23. ],
       [23.5],
       [24.5],
       [26. ],
       [29. ],
       [31.5],
       [32. ],
       [36. ],
       [36.5],
       [39. ]], dtype=float32), array([[ 3. ],
       [ 4. ],
       [ 5. ],
       [13. ],
       [17. ],
       [21. ],
       [22.5],
       [26.5],
       [27. ],
       [28. ],
       [28.5],
       [30. ],
       [32.5],
       [33. ],
       [37. ],
       [38. ]], dtype=float32), array([[ 2.5],
       [ 7. ],
       [ 7.5],
       [ 9. ],
       [11.5],
       [13.5],
       [16. ],
       [16.5],
       [17.5],
       [18. ],
       [22. ],
       [30.5],
       [33.5],
       [35. ],
       [40. ]], dtype=float32), array([[ 2. ],
       [ 4.5],
       [ 6. ],
       [ 8.5],
       [ 9.5],
       [10. ],
       [11. ],
       [12. ],
       [14.5],
       [19.5],
       [20.5],
       [27.5],
       [29.5],
       [37.5],
       [39.5]], dtype=float32), array([[ 6.5],
       [ 8. ],
       [10.5],
       [12.5],
       [14. ],
       [20. ],
       [21.5],
       [24. ],
       [25. ],
       [25.5],
       [31. ],
       [34. ],
       [34.5],
       [35.5],
       [38.5]], dtype=float32)]"
model_num,24
n1,195
lr,0.0005
bs,8
loss,[1.9274027  0.34997255 0.3302309  0.70143986 0.24098872]
loss_mean,0.71000695
loss_std,0.62864274
accuracy,[0.375     0.8125    0.6666667 0.8       0.6666667]
accuracy_mean,0.6641667
accuracy_std,0.15753306
test_list,"[array([[ 3.5],
       [ 5.5],
       [15. ],
       [15.5],
       [18.5],
       [19. ],
       [23. ],
       [23.5],
       [24.5],
       [26. ],
       [29. ],
       [31.5],
       [32. ],
       [36. ],
       [36.5],
       [39. ]], dtype=float32), array([[ 3. ],
       [ 4. ],
       [ 5. ],
       [13. ],
       [17. ],
       [21. ],
       [22.5],
       [26.5],
       [27. ],
       [28. ],
       [28.5],
       [30. ],
       [32.5],
       [33. ],
       [37. ],
       [38. ]], dtype=float32), array([[ 2.5],
       [ 7. ],
       [ 7.5],
       [ 9. ],
       [11.5],
       [13.5],
       [16. ],
       [16.5],
       [17.5],
       [18. ],
       [22. ],
       [30.5],
       [33.5],
       [35. ],
       [40. ]], dtype=float32), array([[ 2. ],
       [ 4.5],
       [ 6. ],
       [ 8.5],
       [ 9.5],
       [10. ],
       [11. ],
       [12. ],
       [14.5],
       [19.5],
       [20.5],
       [27.5],
       [29.5],
       [37.5],
       [39.5]], dtype=float32), array([[ 6.5],
       [ 8. ],
       [10.5],
       [12.5],
       [14. ],
       [20. ],
       [21.5],
       [24. ],
       [25. ],
       [25.5],
       [31. ],
       [34. ],
       [34.5],
       [35.5],
       [38.5]], dtype=float32)]"
model_num,15
n1,200
lr,0.0001
bs,4
loss,[1.2173433  0.23122117 0.37701505 0.59964675 0.14494736]
loss_mean,0.51403475
loss_std,0.38391557
accuracy,[0.5625    0.625     0.6666667 0.6666667 0.8      ]
accuracy_mean,0.6641667
accuracy_std,0.07788882
test_list,"[array([[ 3.5],
       [ 5.5],
       [15. ],
       [15.5],
       [18.5],
       [19. ],
       [23. ],
       [23.5],
       [24.5],
       [26. ],
       [29. ],
       [31.5],
       [32. ],
       [36. ],
       [36.5],
       [39. ]], dtype=float32), array([[ 3. ],
       [ 4. ],
       [ 5. ],
       [13. ],
       [17. ],
       [21. ],
       [22.5],
       [26.5],
       [27. ],
       [28. ],
       [28.5],
       [30. ],
       [32.5],
       [33. ],
       [37. ],
       [38. ]], dtype=float32), array([[ 2.5],
       [ 7. ],
       [ 7.5],
       [ 9. ],
       [11.5],
       [13.5],
       [16. ],
       [16.5],
       [17.5],
       [18. ],
       [22. ],
       [30.5],
       [33.5],
       [35. ],
       [40. ]], dtype=float32), array([[ 2. ],
       [ 4.5],
       [ 6. ],
       [ 8.5],
       [ 9.5],
       [10. ],
       [11. ],
       [12. ],
       [14.5],
       [19.5],
       [20.5],
       [27.5],
       [29.5],
       [37.5],
       [39.5]], dtype=float32), array([[ 6.5],
       [ 8. ],
       [10.5],
       [12.5],
       [14. ],
       [20. ],
       [21.5],
       [24. ],
       [25. ],
       [25.5],
       [31. ],
       [34. ],
       [34.5],
       [35.5],
       [38.5]], dtype=float32)]"
model_num,16
n1,180
lr,0.001
bs,8
loss,[1.6209719  0.20150526 0.29042834 0.4051835  0.22725855]
loss_mean,0.5490695
loss_std,0.5405435
accuracy,[0.25  0.875 0.6   0.8   0.8  ]
accuracy_mean,0.665
accuracy_std,0.22671568
test_list,"[array([[ 3.5],
       [ 5.5],
       [15. ],
       [15.5],
       [18.5],
       [19. ],
       [23. ],
       [23.5],
       [24.5],
       [26. ],
       [29. ],
       [31.5],
       [32. ],
       [36. ],
       [36.5],
       [39. ]], dtype=float32), array([[ 3. ],
       [ 4. ],
       [ 5. ],
       [13. ],
       [17. ],
       [21. ],
       [22.5],
       [26.5],
       [27. ],
       [28. ],
       [28.5],
       [30. ],
       [32.5],
       [33. ],
       [37. ],
       [38. ]], dtype=float32), array([[ 2.5],
       [ 7. ],
       [ 7.5],
       [ 9. ],
       [11.5],
       [13.5],
       [16. ],
       [16.5],
       [17.5],
       [18. ],
       [22. ],
       [30.5],
       [33.5],
       [35. ],
       [40. ]], dtype=float32), array([[ 2. ],
       [ 4.5],
       [ 6. ],
       [ 8.5],
       [ 9.5],
       [10. ],
       [11. ],
       [12. ],
       [14.5],
       [19.5],
       [20.5],
       [27.5],
       [29.5],
       [37.5],
       [39.5]], dtype=float32), array([[ 6.5],
       [ 8. ],
       [10.5],
       [12.5],
       [14. ],
       [20. ],
       [21.5],
       [24. ],
       [25. ],
       [25.5],
       [31. ],
       [34. ],
       [34.5],
       [35.5],
       [38.5]], dtype=float32)]"
model_num,13
n1,190
lr,0.0001
bs,4
loss,[1.463439   0.32808504 0.48200074 0.5699004  0.16526563]
loss_mean,0.60173815
loss_std,0.45238775
accuracy,[0.5625     0.6875     0.46666667 0.6666667  0.8666667 ]
accuracy_mean,0.65
accuracy_std,0.13408642
test_list,"[array([[ 3.5],
       [ 5.5],
       [15. ],
       [15.5],
       [18.5],
       [19. ],
       [23. ],
       [23.5],
       [24.5],
       [26. ],
       [29. ],
       [31.5],
       [32. ],
       [36. ],
       [36.5],
       [39. ]], dtype=float32), array([[ 3. ],
       [ 4. ],
       [ 5. ],
       [13. ],
       [17. ],
       [21. ],
       [22.5],
       [26.5],
       [27. ],
       [28. ],
       [28.5],
       [30. ],
       [32.5],
       [33. ],
       [37. ],
       [38. ]], dtype=float32), array([[ 2.5],
       [ 7. ],
       [ 7.5],
       [ 9. ],
       [11.5],
       [13.5],
       [16. ],
       [16.5],
       [17.5],
       [18. ],
       [22. ],
       [30.5],
       [33.5],
       [35. ],
       [40. ]], dtype=float32), array([[ 2. ],
       [ 4.5],
       [ 6. ],
       [ 8.5],
       [ 9.5],
       [10. ],
       [11. ],
       [12. ],
       [14.5],
       [19.5],
       [20.5],
       [27.5],
       [29.5],
       [37.5],
       [39.5]], dtype=float32), array([[ 6.5],
       [ 8. ],
       [10.5],
       [12.5],
       [14. ],
       [20. ],
       [21.5],
       [24. ],
       [25. ],
       [25.5],
       [31. ],
       [34. ],
       [34.5],
       [35.5],
       [38.5]], dtype=float32)]"
model_num,14
n1,195
lr,0.0001
bs,4
loss,[1.0408372  0.33715641 0.4136776  0.61354196 0.19257063]
loss_mean,0.51955676
loss_std,0.29392743
accuracy,[0.8125     0.625      0.6        0.6        0.73333335]
accuracy_mean,0.6741666
accuracy_std,0.08491825
test_list,"[array([[ 3.5],
       [ 5.5],
       [15. ],
       [15.5],
       [18.5],
       [19. ],
       [23. ],
       [23.5],
       [24.5],
       [26. ],
       [29. ],
       [31.5],
       [32. ],
       [36. ],
       [36.5],
       [39. ]], dtype=float32), array([[ 3. ],
       [ 4. ],
       [ 5. ],
       [13. ],
       [17. ],
       [21. ],
       [22.5],
       [26.5],
       [27. ],
       [28. ],
       [28.5],
       [30. ],
       [32.5],
       [33. ],
       [37. ],
       [38. ]], dtype=float32), array([[ 2.5],
       [ 7. ],
       [ 7.5],
       [ 9. ],
       [11.5],
       [13.5],
       [16. ],
       [16.5],
       [17.5],
       [18. ],
       [22. ],
       [30.5],
       [33.5],
       [35. ],
       [40. ]], dtype=float32), array([[ 2. ],
       [ 4.5],
       [ 6. ],
       [ 8.5],
       [ 9.5],
       [10. ],
       [11. ],
       [12. ],
       [14.5],
       [19.5],
       [20.5],
       [27.5],
       [29.5],
       [37.5],
       [39.5]], dtype=float32), array([[ 6.5],
       [ 8. ],
       [10.5],
       [12.5],
       [14. ],
       [20. ],
       [21.5],
       [24. ],
       [25. ],
       [25.5],
       [31. ],
       [34. ],
       [34.5],
       [35.5],
       [38.5]], dtype=float32)]"
model_num,21
n1,180
lr,0.0005
bs,8
loss,[1.4646909  0.23332158 0.29873964 0.47511706 0.23822103]
loss_mean,0.54201806
loss_std,0.4695895
accuracy,[0.375      0.625      0.73333335 0.6        0.8       ]
accuracy_mean,0.62666667
accuracy_std,0.14523928
test_list,"[array([[ 3.5],
       [ 5.5],
       [15. ],
       [15.5],
       [18.5],
       [19. ],
       [23. ],
       [23.5],
       [24.5],
       [26. ],
       [29. ],
       [31.5],
       [32. ],
       [36. ],
       [36.5],
       [39. ]], dtype=float32), array([[ 3. ],
       [ 4. ],
       [ 5. ],
       [13. ],
       [17. ],
       [21. ],
       [22.5],
       [26.5],
       [27. ],
       [28. ],
       [28.5],
       [30. ],
       [32.5],
       [33. ],
       [37. ],
       [38. ]], dtype=float32), array([[ 2.5],
       [ 7. ],
       [ 7.5],
       [ 9. ],
       [11.5],
       [13.5],
       [16. ],
       [16.5],
       [17.5],
       [18. ],
       [22. ],
       [30.5],
       [33.5],
       [35. ],
       [40. ]], dtype=float32), array([[ 2. ],
       [ 4.5],
       [ 6. ],
       [ 8.5],
       [ 9.5],
       [10. ],
       [11. ],
       [12. ],
       [14.5],
       [19.5],
       [20.5],
       [27.5],
       [29.5],
       [37.5],
       [39.5]], dtype=float32), array([[ 6.5],
       [ 8. ],
       [10.5],
       [12.5],
       [14. ],
       [20. ],
       [21.5],
       [24. ],
       [25. ],
       [25.5],
       [31. ],
       [34. ],
       [34.5],
       [35.5],
       [38.5]], dtype=float32)]"
model_num,22
n1,185
lr,0.0005
bs,8
loss,[1.4879844  0.22357509 0.25554806 0.5901822  0.28737685]
loss_mean,0.5689333
loss_std,0.4778835
accuracy,[0.4375     0.625      0.6666667  0.6        0.73333335]
accuracy_mean,0.6125001
accuracy_std,0.09846037
test_list,"[array([[ 3.5],
       [ 5.5],
       [15. ],
       [15.5],
       [18.5],
       [19. ],
       [23. ],
       [23.5],
       [24.5],
       [26. ],
       [29. ],
       [31.5],
       [32. ],
       [36. ],
       [36.5],
       [39. ]], dtype=float32), array([[ 3. ],
       [ 4. ],
       [ 5. ],
       [13. ],
       [17. ],
       [21. ],
       [22.5],
       [26.5],
       [27. ],
       [28. ],
       [28.5],
       [30. ],
       [32.5],
       [33. ],
       [37. ],
       [38. ]], dtype=float32), array([[ 2.5],
       [ 7. ],
       [ 7.5],
       [ 9. ],
       [11.5],
       [13.5],
       [16. ],
       [16.5],
       [17.5],
       [18. ],
       [22. ],
       [30.5],
       [33.5],
       [35. ],
       [40. ]], dtype=float32), array([[ 2. ],
       [ 4.5],
       [ 6. ],
       [ 8.5],
       [ 9.5],
       [10. ],
       [11. ],
       [12. ],
       [14.5],
       [19.5],
       [20.5],
       [27.5],
       [29.5],
       [37.5],
       [39.5]], dtype=float32), array([[ 6.5],
       [ 8. ],
       [10.5],
       [12.5],
       [14. ],
       [20. ],
       [21.5],
       [24. ],
       [25. ],
       [25.5],
       [31. ],
       [34. ],
       [34.5],
       [35.5],
       [38.5]], dtype=float32)]"
