model_num,1
n1,20
lr,0.0001
bs,4
loss,[0.00835189 0.01054034 0.24687578 0.01570795 0.05711568]
loss_mean,0.06771832
loss_std,0.091333
accuracy,[1.         1.         0.93333334 1.         0.8666667 ]
accuracy_mean,0.96000004
accuracy_std,0.05333333
test_list,"[array([16.5, 15.5, 29.5, 12.5, 34. , 21.5,  4. , 38.5, 30.5, 31.5, 22. ,       18. ,  6. ,  7.5, 27.5, 20.5], dtype=float32), array([17.5, 36. , 36.5, 38. ,  9.5,  2.5, 27. , 11. , 39.5, 15. , 17. ,       29. ,  4.5, 20. , 23.5, 19. ], dtype=float32), array([40. ,  8. , 32. , 35.5,  3.5,  3. , 16. , 18.5, 10.5, 12. , 23. ,       31. , 21. , 10. , 22.5], dtype=float32), array([11.5,  5. , 28.5,  8.5, 28. , 24.5,  6.5, 33. , 34.5, 25.5,  2. ,       13. , 14.5, 25. , 33.5], dtype=float32), array([ 7. , 37.5, 39. , 19.5, 13.5, 30. , 14. , 37. ,  5.5,  9. , 32.5,       26.5, 35. , 24. , 26. ], dtype=float32)]"
model_num,2
n1,20
lr,0.0001
bs,6
loss,[0.01776592 0.20639238 0.39600408 0.01428223 0.15869622]
loss_mean,0.15862817
loss_std,0.14093025
accuracy,[1.         0.75       0.93333334 1.         0.8       ]
accuracy_mean,0.8966667
accuracy_std,0.103494495
test_list,"[array([16.5, 15.5, 29.5, 12.5, 34. , 21.5,  4. , 38.5, 30.5, 31.5, 22. ,       18. ,  6. ,  7.5, 27.5, 20.5], dtype=float32), array([17.5, 36. , 36.5, 38. ,  9.5,  2.5, 27. , 11. , 39.5, 15. , 17. ,       29. ,  4.5, 20. , 23.5, 19. ], dtype=float32), array([40. ,  8. , 32. , 35.5,  3.5,  3. , 16. , 18.5, 10.5, 12. , 23. ,       31. , 21. , 10. , 22.5], dtype=float32), array([11.5,  5. , 28.5,  8.5, 28. , 24.5,  6.5, 33. , 34.5, 25.5,  2. ,       13. , 14.5, 25. , 33.5], dtype=float32), array([ 7. , 37.5, 39. , 19.5, 13.5, 30. , 14. , 37. ,  5.5,  9. , 32.5,       26.5, 35. , 24. , 26. ], dtype=float32)]"
model_num,3
n1,20
lr,0.0001
bs,8
loss,[0.01143817 0.43344307 1.1125816  0.04002535 0.23094776]
loss_mean,0.3656872
loss_std,0.4030248
accuracy,[1.         0.8125     0.73333335 1.         0.73333335]
accuracy_mean,0.85583335
accuracy_std,0.12120918
test_list,"[array([16.5, 15.5, 29.5, 12.5, 34. , 21.5,  4. , 38.5, 30.5, 31.5, 22. ,       18. ,  6. ,  7.5, 27.5, 20.5], dtype=float32), array([17.5, 36. , 36.5, 38. ,  9.5,  2.5, 27. , 11. , 39.5, 15. , 17. ,       29. ,  4.5, 20. , 23.5, 19. ], dtype=float32), array([40. ,  8. , 32. , 35.5,  3.5,  3. , 16. , 18.5, 10.5, 12. , 23. ,       31. , 21. , 10. , 22.5], dtype=float32), array([11.5,  5. , 28.5,  8.5, 28. , 24.5,  6.5, 33. , 34.5, 25.5,  2. ,       13. , 14.5, 25. , 33.5], dtype=float32), array([ 7. , 37.5, 39. , 19.5, 13.5, 30. , 14. , 37. ,  5.5,  9. , 32.5,       26.5, 35. , 24. , 26. ], dtype=float32)]"
model_num,4
n1,20
lr,0.0005
bs,4
loss,[0.00065941 0.00124785 0.00846077 0.00323897 0.00303564]
loss_mean,0.003328526
loss_std,0.002752711
accuracy,[1. 1. 1. 1. 1.]
accuracy_mean,1
accuracy_std,0
test_list,"[array([16.5, 15.5, 29.5, 12.5, 34. , 21.5,  4. , 38.5, 30.5, 31.5, 22. ,       18. ,  6. ,  7.5, 27.5, 20.5], dtype=float32), array([17.5, 36. , 36.5, 38. ,  9.5,  2.5, 27. , 11. , 39.5, 15. , 17. ,       29. ,  4.5, 20. , 23.5, 19. ], dtype=float32), array([40. ,  8. , 32. , 35.5,  3.5,  3. , 16. , 18.5, 10.5, 12. , 23. ,       31. , 21. , 10. , 22.5], dtype=float32), array([11.5,  5. , 28.5,  8.5, 28. , 24.5,  6.5, 33. , 34.5, 25.5,  2. ,       13. , 14.5, 25. , 33.5], dtype=float32), array([ 7. , 37.5, 39. , 19.5, 13.5, 30. , 14. , 37. ,  5.5,  9. , 32.5,       26.5, 35. , 24. , 26. ], dtype=float32)]"
model_num,5
n1,20
lr,0.0005
bs,6
loss,[0.00024266 0.01070978 0.01141229 0.01323713 0.00387291]
loss_mean,0.007894954
loss_std,0.00497128
accuracy,[1. 1. 1. 1. 1.]
accuracy_mean,1
accuracy_std,0
test_list,"[array([16.5, 15.5, 29.5, 12.5, 34. , 21.5,  4. , 38.5, 30.5, 31.5, 22. ,       18. ,  6. ,  7.5, 27.5, 20.5], dtype=float32), array([17.5, 36. , 36.5, 38. ,  9.5,  2.5, 27. , 11. , 39.5, 15. , 17. ,       29. ,  4.5, 20. , 23.5, 19. ], dtype=float32), array([40. ,  8. , 32. , 35.5,  3.5,  3. , 16. , 18.5, 10.5, 12. , 23. ,       31. , 21. , 10. , 22.5], dtype=float32), array([11.5,  5. , 28.5,  8.5, 28. , 24.5,  6.5, 33. , 34.5, 25.5,  2. ,       13. , 14.5, 25. , 33.5], dtype=float32), array([ 7. , 37.5, 39. , 19.5, 13.5, 30. , 14. , 37. ,  5.5,  9. , 32.5,       26.5, 35. , 24. , 26. ], dtype=float32)]"
model_num,6
n1,20
lr,0.0005
bs,8
loss,[0.00516549 0.00128331 0.02526306 0.0063126  0.00414453]
loss_mean,0.008433796
loss_std,0.00857826
accuracy,[1.         1.         0.93333334 1.         1.        ]
accuracy_mean,0.9866667
accuracy_std,0.026666665
test_list,"[array([16.5, 15.5, 29.5, 12.5, 34. , 21.5,  4. , 38.5, 30.5, 31.5, 22. ,       18. ,  6. ,  7.5, 27.5, 20.5], dtype=float32), array([17.5, 36. , 36.5, 38. ,  9.5,  2.5, 27. , 11. , 39.5, 15. , 17. ,       29. ,  4.5, 20. , 23.5, 19. ], dtype=float32), array([40. ,  8. , 32. , 35.5,  3.5,  3. , 16. , 18.5, 10.5, 12. , 23. ,       31. , 21. , 10. , 22.5], dtype=float32), array([11.5,  5. , 28.5,  8.5, 28. , 24.5,  6.5, 33. , 34.5, 25.5,  2. ,       13. , 14.5, 25. , 33.5], dtype=float32), array([ 7. , 37.5, 39. , 19.5, 13.5, 30. , 14. , 37. ,  5.5,  9. , 32.5,       26.5, 35. , 24. , 26. ], dtype=float32)]"
model_num,7
n1,20
lr,5.00E-05
bs,4
loss,[0.01438955 0.08231336 0.48857382 0.0719777  0.15783128]
loss_mean,0.16301715
loss_std,0.16905944
accuracy,[1.         0.875      0.8666667  0.93333334 0.8       ]
accuracy_mean,0.8950001
accuracy_std,0.06741249
test_list,"[array([16.5, 15.5, 29.5, 12.5, 34. , 21.5,  4. , 38.5, 30.5, 31.5, 22. ,       18. ,  6. ,  7.5, 27.5, 20.5], dtype=float32), array([17.5, 36. , 36.5, 38. ,  9.5,  2.5, 27. , 11. , 39.5, 15. , 17. ,       29. ,  4.5, 20. , 23.5, 19. ], dtype=float32), array([40. ,  8. , 32. , 35.5,  3.5,  3. , 16. , 18.5, 10.5, 12. , 23. ,       31. , 21. , 10. , 22.5], dtype=float32), array([11.5,  5. , 28.5,  8.5, 28. , 24.5,  6.5, 33. , 34.5, 25.5,  2. ,       13. , 14.5, 25. , 33.5], dtype=float32), array([ 7. , 37.5, 39. , 19.5, 13.5, 30. , 14. , 37. ,  5.5,  9. , 32.5,       26.5, 35. , 24. , 26. ], dtype=float32)]"
model_num,8
n1,20
lr,5.00E-05
bs,6
loss,[0.04770599 0.6798832  4.473993   0.23305397 0.58888584]
loss_mean,1.2047044
loss_std,1.6507978
accuracy,[0.9375     0.8125     0.33333334 0.8        0.46666667]
accuracy_mean,0.66999996
accuracy_std,0.22954363
test_list,"[array([16.5, 15.5, 29.5, 12.5, 34. , 21.5,  4. , 38.5, 30.5, 31.5, 22. ,       18. ,  6. ,  7.5, 27.5, 20.5], dtype=float32), array([17.5, 36. , 36.5, 38. ,  9.5,  2.5, 27. , 11. , 39.5, 15. , 17. ,       29. ,  4.5, 20. , 23.5, 19. ], dtype=float32), array([40. ,  8. , 32. , 35.5,  3.5,  3. , 16. , 18.5, 10.5, 12. , 23. ,       31. , 21. , 10. , 22.5], dtype=float32), array([11.5,  5. , 28.5,  8.5, 28. , 24.5,  6.5, 33. , 34.5, 25.5,  2. ,       13. , 14.5, 25. , 33.5], dtype=float32), array([ 7. , 37.5, 39. , 19.5, 13.5, 30. , 14. , 37. ,  5.5,  9. , 32.5,       26.5, 35. , 24. , 26. ], dtype=float32)]"
model_num,9
n1,20
lr,5.00E-05
bs,8
loss,[0.46235415 1.784807   4.7461233  1.2933815  3.2013001 ]
loss_mean,2.2975934
loss_std,1.5133723
accuracy,[0.5625     0.6875     0.33333334 0.26666668 0.33333334]
accuracy_mean,0.43666667
accuracy_std,0.1606281
test_list,"[array([16.5, 15.5, 29.5, 12.5, 34. , 21.5,  4. , 38.5, 30.5, 31.5, 22. ,       18. ,  6. ,  7.5, 27.5, 20.5], dtype=float32), array([17.5, 36. , 36.5, 38. ,  9.5,  2.5, 27. , 11. , 39.5, 15. , 17. ,       29. ,  4.5, 20. , 23.5, 19. ], dtype=float32), array([40. ,  8. , 32. , 35.5,  3.5,  3. , 16. , 18.5, 10.5, 12. , 23. ,       31. , 21. , 10. , 22.5], dtype=float32), array([11.5,  5. , 28.5,  8.5, 28. , 24.5,  6.5, 33. , 34.5, 25.5,  2. ,       13. , 14.5, 25. , 33.5], dtype=float32), array([ 7. , 37.5, 39. , 19.5, 13.5, 30. , 14. , 37. ,  5.5,  9. , 32.5,       26.5, 35. , 24. , 26. ], dtype=float32)]"
model_num,10
n1,20
lr,1.00E-05
bs,4
loss,[16.452349 35.049797 30.208263 12.392393 31.318441]
loss_mean,25.084248
loss_std,8.94456
accuracy,[0.0625     0.0625     0.         0.06666667 0.06666667]
accuracy_mean,0.051666666
accuracy_std,0.025900451
test_list,"[array([16.5, 15.5, 29.5, 12.5, 34. , 21.5,  4. , 38.5, 30.5, 31.5, 22. ,       18. ,  6. ,  7.5, 27.5, 20.5], dtype=float32), array([17.5, 36. , 36.5, 38. ,  9.5,  2.5, 27. , 11. , 39.5, 15. , 17. ,       29. ,  4.5, 20. , 23.5, 19. ], dtype=float32), array([40. ,  8. , 32. , 35.5,  3.5,  3. , 16. , 18.5, 10.5, 12. , 23. ,       31. , 21. , 10. , 22.5], dtype=float32), array([11.5,  5. , 28.5,  8.5, 28. , 24.5,  6.5, 33. , 34.5, 25.5,  2. ,       13. , 14.5, 25. , 33.5], dtype=float32), array([ 7. , 37.5, 39. , 19.5, 13.5, 30. , 14. , 37. ,  5.5,  9. , 32.5,       26.5, 35. , 24. , 26. ], dtype=float32)]"
model_num,11
n1,20
lr,1.00E-05
bs,6
loss,[26.95401  71.96945  51.270485 15.099972 72.36347 ]
loss_mean,47.531475
loss_std,23.251053
accuracy,[0.125      0.125      0.06666667 0.         0.        ]
accuracy_mean,0.06333333
accuracy_std,0.05592654
test_list,"[array([16.5, 15.5, 29.5, 12.5, 34. , 21.5,  4. , 38.5, 30.5, 31.5, 22. ,       18. ,  6. ,  7.5, 27.5, 20.5], dtype=float32), array([17.5, 36. , 36.5, 38. ,  9.5,  2.5, 27. , 11. , 39.5, 15. , 17. ,       29. ,  4.5, 20. , 23.5, 19. ], dtype=float32), array([40. ,  8. , 32. , 35.5,  3.5,  3. , 16. , 18.5, 10.5, 12. , 23. ,       31. , 21. , 10. , 22.5], dtype=float32), array([11.5,  5. , 28.5,  8.5, 28. , 24.5,  6.5, 33. , 34.5, 25.5,  2. ,       13. , 14.5, 25. , 33.5], dtype=float32), array([ 7. , 37.5, 39. , 19.5, 13.5, 30. , 14. , 37. ,  5.5,  9. , 32.5,       26.5, 35. , 24. , 26. ], dtype=float32)]"
model_num,12
n1,20
lr,1.00E-05
bs,8
loss,[ 54.731632 169.26656   87.67392   23.71628  139.50218 ]
loss_mean,94.97811
loss_std,53.39016
accuracy,[0.         0.125      0.2        0.13333334 0.        ]
accuracy_mean,0.09166666
accuracy_std,0.07923243
test_list,"[array([16.5, 15.5, 29.5, 12.5, 34. , 21.5,  4. , 38.5, 30.5, 31.5, 22. ,       18. ,  6. ,  7.5, 27.5, 20.5], dtype=float32), array([17.5, 36. , 36.5, 38. ,  9.5,  2.5, 27. , 11. , 39.5, 15. , 17. ,       29. ,  4.5, 20. , 23.5, 19. ], dtype=float32), array([40. ,  8. , 32. , 35.5,  3.5,  3. , 16. , 18.5, 10.5, 12. , 23. ,       31. , 21. , 10. , 22.5], dtype=float32), array([11.5,  5. , 28.5,  8.5, 28. , 24.5,  6.5, 33. , 34.5, 25.5,  2. ,       13. , 14.5, 25. , 33.5], dtype=float32), array([ 7. , 37.5, 39. , 19.5, 13.5, 30. , 14. , 37. ,  5.5,  9. , 32.5,       26.5, 35. , 24. , 26. ], dtype=float32)]"
model_num,13
n1,25
lr,0.0001
bs,4
loss,[0.01246316 0.0218456  0.06376486 0.01111154 0.0317957 ]
loss_mean,0.02819617
loss_std,0.01927605
accuracy,[1.         0.9375     0.93333334 1.         1.        ]
accuracy_mean,0.9741667
accuracy_std,0.031666663
test_list,"[array([16.5, 15.5, 29.5, 12.5, 34. , 21.5,  4. , 38.5, 30.5, 31.5, 22. ,       18. ,  6. ,  7.5, 27.5, 20.5], dtype=float32), array([17.5, 36. , 36.5, 38. ,  9.5,  2.5, 27. , 11. , 39.5, 15. , 17. ,       29. ,  4.5, 20. , 23.5, 19. ], dtype=float32), array([40. ,  8. , 32. , 35.5,  3.5,  3. , 16. , 18.5, 10.5, 12. , 23. ,       31. , 21. , 10. , 22.5], dtype=float32), array([11.5,  5. , 28.5,  8.5, 28. , 24.5,  6.5, 33. , 34.5, 25.5,  2. ,       13. , 14.5, 25. , 33.5], dtype=float32), array([ 7. , 37.5, 39. , 19.5, 13.5, 30. , 14. , 37. ,  5.5,  9. , 32.5,       26.5, 35. , 24. , 26. ], dtype=float32)]"
model_num,14
n1,25
lr,0.0001
bs,6
loss,[0.02005519 0.13594812 0.366655   0.00797432 0.0276558 ]
loss_mean,0.11165768
loss_std,0.13550736
accuracy,[1.         0.75       0.93333334 1.         1.        ]
accuracy_mean,0.93666667
accuracy_std,0.09683892
test_list,"[array([16.5, 15.5, 29.5, 12.5, 34. , 21.5,  4. , 38.5, 30.5, 31.5, 22. ,       18. ,  6. ,  7.5, 27.5, 20.5], dtype=float32), array([17.5, 36. , 36.5, 38. ,  9.5,  2.5, 27. , 11. , 39.5, 15. , 17. ,       29. ,  4.5, 20. , 23.5, 19. ], dtype=float32), array([40. ,  8. , 32. , 35.5,  3.5,  3. , 16. , 18.5, 10.5, 12. , 23. ,       31. , 21. , 10. , 22.5], dtype=float32), array([11.5,  5. , 28.5,  8.5, 28. , 24.5,  6.5, 33. , 34.5, 25.5,  2. ,       13. , 14.5, 25. , 33.5], dtype=float32), array([ 7. , 37.5, 39. , 19.5, 13.5, 30. , 14. , 37. ,  5.5,  9. , 32.5,       26.5, 35. , 24. , 26. ], dtype=float32)]"
model_num,15
n1,25
lr,0.0001
bs,8
loss,[0.03538074 0.33118832 0.18410443 0.08156584 0.18566032]
loss_mean,0.16357993
loss_std,0.10213982
accuracy,[1.         0.8125     0.93333334 0.8666667  0.8       ]
accuracy_mean,0.88250005
accuracy_std,0.07529571
test_list,"[array([16.5, 15.5, 29.5, 12.5, 34. , 21.5,  4. , 38.5, 30.5, 31.5, 22. ,       18. ,  6. ,  7.5, 27.5, 20.5], dtype=float32), array([17.5, 36. , 36.5, 38. ,  9.5,  2.5, 27. , 11. , 39.5, 15. , 17. ,       29. ,  4.5, 20. , 23.5, 19. ], dtype=float32), array([40. ,  8. , 32. , 35.5,  3.5,  3. , 16. , 18.5, 10.5, 12. , 23. ,       31. , 21. , 10. , 22.5], dtype=float32), array([11.5,  5. , 28.5,  8.5, 28. , 24.5,  6.5, 33. , 34.5, 25.5,  2. ,       13. , 14.5, 25. , 33.5], dtype=float32), array([ 7. , 37.5, 39. , 19.5, 13.5, 30. , 14. , 37. ,  5.5,  9. , 32.5,       26.5, 35. , 24. , 26. ], dtype=float32)]"
model_num,16
n1,25
lr,0.0005
bs,4
loss,[0.00123815 0.002687   0.00586886 0.00363505 0.00340825]
loss_mean,0.003367462
loss_std,0.001505142
accuracy,[1. 1. 1. 1. 1.]
accuracy_mean,1
accuracy_std,0
test_list,"[array([16.5, 15.5, 29.5, 12.5, 34. , 21.5,  4. , 38.5, 30.5, 31.5, 22. ,       18. ,  6. ,  7.5, 27.5, 20.5], dtype=float32), array([17.5, 36. , 36.5, 38. ,  9.5,  2.5, 27. , 11. , 39.5, 15. , 17. ,       29. ,  4.5, 20. , 23.5, 19. ], dtype=float32), array([40. ,  8. , 32. , 35.5,  3.5,  3. , 16. , 18.5, 10.5, 12. , 23. ,       31. , 21. , 10. , 22.5], dtype=float32), array([11.5,  5. , 28.5,  8.5, 28. , 24.5,  6.5, 33. , 34.5, 25.5,  2. ,       13. , 14.5, 25. , 33.5], dtype=float32), array([ 7. , 37.5, 39. , 19.5, 13.5, 30. , 14. , 37. ,  5.5,  9. , 32.5,       26.5, 35. , 24. , 26. ], dtype=float32)]"
model_num,17
n1,25
lr,0.0005
bs,6
loss,[0.00043105 0.00316029 0.0090121  0.0110759  0.00896823]
loss_mean,0.006529516
loss_std,0.004032943
accuracy,[1. 1. 1. 1. 1.]
accuracy_mean,1
accuracy_std,0
test_list,"[array([16.5, 15.5, 29.5, 12.5, 34. , 21.5,  4. , 38.5, 30.5, 31.5, 22. ,       18. ,  6. ,  7.5, 27.5, 20.5], dtype=float32), array([17.5, 36. , 36.5, 38. ,  9.5,  2.5, 27. , 11. , 39.5, 15. , 17. ,       29. ,  4.5, 20. , 23.5, 19. ], dtype=float32), array([40. ,  8. , 32. , 35.5,  3.5,  3. , 16. , 18.5, 10.5, 12. , 23. ,       31. , 21. , 10. , 22.5], dtype=float32), array([11.5,  5. , 28.5,  8.5, 28. , 24.5,  6.5, 33. , 34.5, 25.5,  2. ,       13. , 14.5, 25. , 33.5], dtype=float32), array([ 7. , 37.5, 39. , 19.5, 13.5, 30. , 14. , 37. ,  5.5,  9. , 32.5,       26.5, 35. , 24. , 26. ], dtype=float32)]"
model_num,18
n1,25
lr,0.0005
bs,8
loss,[0.00404475 0.00211014 0.02725721 0.00690615 0.00192503]
loss_mean,0.008448655
loss_std,0.009573607
accuracy,[1.         1.         0.93333334 1.         1.        ]
accuracy_mean,0.9866667
accuracy_std,0.026666665
test_list,"[array([16.5, 15.5, 29.5, 12.5, 34. , 21.5,  4. , 38.5, 30.5, 31.5, 22. ,       18. ,  6. ,  7.5, 27.5, 20.5], dtype=float32), array([17.5, 36. , 36.5, 38. ,  9.5,  2.5, 27. , 11. , 39.5, 15. , 17. ,       29. ,  4.5, 20. , 23.5, 19. ], dtype=float32), array([40. ,  8. , 32. , 35.5,  3.5,  3. , 16. , 18.5, 10.5, 12. , 23. ,       31. , 21. , 10. , 22.5], dtype=float32), array([11.5,  5. , 28.5,  8.5, 28. , 24.5,  6.5, 33. , 34.5, 25.5,  2. ,       13. , 14.5, 25. , 33.5], dtype=float32), array([ 7. , 37.5, 39. , 19.5, 13.5, 30. , 14. , 37. ,  5.5,  9. , 32.5,       26.5, 35. , 24. , 26. ], dtype=float32)]"
model_num,19
n1,25
lr,5.00E-05
bs,4
loss,[0.02222481 0.24587762 0.68699455 0.00451933 0.18554345]
loss_mean,0.22903195
loss_std,0.24701412
accuracy,[1.         0.75       0.73333335 1.         0.8       ]
accuracy_mean,0.8566667
accuracy_std,0.11907047
test_list,"[array([16.5, 15.5, 29.5, 12.5, 34. , 21.5,  4. , 38.5, 30.5, 31.5, 22. ,       18. ,  6. ,  7.5, 27.5, 20.5], dtype=float32), array([17.5, 36. , 36.5, 38. ,  9.5,  2.5, 27. , 11. , 39.5, 15. , 17. ,       29. ,  4.5, 20. , 23.5, 19. ], dtype=float32), array([40. ,  8. , 32. , 35.5,  3.5,  3. , 16. , 18.5, 10.5, 12. , 23. ,       31. , 21. , 10. , 22.5], dtype=float32), array([11.5,  5. , 28.5,  8.5, 28. , 24.5,  6.5, 33. , 34.5, 25.5,  2. ,       13. , 14.5, 25. , 33.5], dtype=float32), array([ 7. , 37.5, 39. , 19.5, 13.5, 30. , 14. , 37. ,  5.5,  9. , 32.5,       26.5, 35. , 24. , 26. ], dtype=float32)]"
model_num,20
n1,25
lr,5.00E-05
bs,6
loss,[0.0516072  0.69534814 1.3783088  0.2969016  0.3943188 ]
loss_mean,0.5632969
loss_std,0.4567337
accuracy,[0.9375     0.8125     0.6        0.73333335 0.6       ]
accuracy_mean,0.7366667
accuracy_std,0.12919085
test_list,"[array([16.5, 15.5, 29.5, 12.5, 34. , 21.5,  4. , 38.5, 30.5, 31.5, 22. ,       18. ,  6. ,  7.5, 27.5, 20.5], dtype=float32), array([17.5, 36. , 36.5, 38. ,  9.5,  2.5, 27. , 11. , 39.5, 15. , 17. ,       29. ,  4.5, 20. , 23.5, 19. ], dtype=float32), array([40. ,  8. , 32. , 35.5,  3.5,  3. , 16. , 18.5, 10.5, 12. , 23. ,       31. , 21. , 10. , 22.5], dtype=float32), array([11.5,  5. , 28.5,  8.5, 28. , 24.5,  6.5, 33. , 34.5, 25.5,  2. ,       13. , 14.5, 25. , 33.5], dtype=float32), array([ 7. , 37.5, 39. , 19.5, 13.5, 30. , 14. , 37. ,  5.5,  9. , 32.5,       26.5, 35. , 24. , 26. ], dtype=float32)]"
model_num,21
n1,25
lr,5.00E-05
bs,8
loss,[0.4530581 0.8758904 4.7860084 0.9729976 0.9884747]
loss_mean,1.6152859
loss_std,1.5972718
accuracy,[0.6875     0.625      0.26666668 0.26666668 0.46666667]
accuracy_mean,0.4625
accuracy_std,0.17535676
test_list,"[array([16.5, 15.5, 29.5, 12.5, 34. , 21.5,  4. , 38.5, 30.5, 31.5, 22. ,       18. ,  6. ,  7.5, 27.5, 20.5], dtype=float32), array([17.5, 36. , 36.5, 38. ,  9.5,  2.5, 27. , 11. , 39.5, 15. , 17. ,       29. ,  4.5, 20. , 23.5, 19. ], dtype=float32), array([40. ,  8. , 32. , 35.5,  3.5,  3. , 16. , 18.5, 10.5, 12. , 23. ,       31. , 21. , 10. , 22.5], dtype=float32), array([11.5,  5. , 28.5,  8.5, 28. , 24.5,  6.5, 33. , 34.5, 25.5,  2. ,       13. , 14.5, 25. , 33.5], dtype=float32), array([ 7. , 37.5, 39. , 19.5, 13.5, 30. , 14. , 37. ,  5.5,  9. , 32.5,       26.5, 35. , 24. , 26. ], dtype=float32)]"
model_num,22
n1,25
lr,1.00E-05
bs,4
loss,[12.126656 37.93654  22.078623 12.582653 24.9601  ]
loss_mean,21.936914
loss_std,9.475137
accuracy,[0.1875     0.0625     0.06666667 0.06666667 0.        ]
accuracy_mean,0.07666667
accuracy_std,0.06093029
test_list,"[array([16.5, 15.5, 29.5, 12.5, 34. , 21.5,  4. , 38.5, 30.5, 31.5, 22. ,       18. ,  6. ,  7.5, 27.5, 20.5], dtype=float32), array([17.5, 36. , 36.5, 38. ,  9.5,  2.5, 27. , 11. , 39.5, 15. , 17. ,       29. ,  4.5, 20. , 23.5, 19. ], dtype=float32), array([40. ,  8. , 32. , 35.5,  3.5,  3. , 16. , 18.5, 10.5, 12. , 23. ,       31. , 21. , 10. , 22.5], dtype=float32), array([11.5,  5. , 28.5,  8.5, 28. , 24.5,  6.5, 33. , 34.5, 25.5,  2. ,       13. , 14.5, 25. , 33.5], dtype=float32), array([ 7. , 37.5, 39. , 19.5, 13.5, 30. , 14. , 37. ,  5.5,  9. , 32.5,       26.5, 35. , 24. , 26. ], dtype=float32)]"
model_num,23
n1,25
lr,1.00E-05
bs,6
loss,[19.045856 47.313393 43.485844 13.007385 55.604923]
loss_mean,35.69148
loss_std,16.637375
accuracy,[0.         0.         0.         0.06666667 0.13333334]
accuracy_mean,0.040000003
accuracy_std,0.053333335
test_list,"[array([16.5, 15.5, 29.5, 12.5, 34. , 21.5,  4. , 38.5, 30.5, 31.5, 22. ,       18. ,  6. ,  7.5, 27.5, 20.5], dtype=float32), array([17.5, 36. , 36.5, 38. ,  9.5,  2.5, 27. , 11. , 39.5, 15. , 17. ,       29. ,  4.5, 20. , 23.5, 19. ], dtype=float32), array([40. ,  8. , 32. , 35.5,  3.5,  3. , 16. , 18.5, 10.5, 12. , 23. ,       31. , 21. , 10. , 22.5], dtype=float32), array([11.5,  5. , 28.5,  8.5, 28. , 24.5,  6.5, 33. , 34.5, 25.5,  2. ,       13. , 14.5, 25. , 33.5], dtype=float32), array([ 7. , 37.5, 39. , 19.5, 13.5, 30. , 14. , 37. ,  5.5,  9. , 32.5,       26.5, 35. , 24. , 26. ], dtype=float32)]"
model_num,24
n1,25
lr,1.00E-05
bs,8
loss,[ 34.982048 110.82468  117.51962   16.529854 127.54084 ]
loss_mean,81.47941
loss_std,46.178234
accuracy,[0.         0.0625     0.         0.13333334 0.06666667]
accuracy_mean,0.052500002
accuracy_std,0.049693506
test_list,"[array([16.5, 15.5, 29.5, 12.5, 34. , 21.5,  4. , 38.5, 30.5, 31.5, 22. ,       18. ,  6. ,  7.5, 27.5, 20.5], dtype=float32), array([17.5, 36. , 36.5, 38. ,  9.5,  2.5, 27. , 11. , 39.5, 15. , 17. ,       29. ,  4.5, 20. , 23.5, 19. ], dtype=float32), array([40. ,  8. , 32. , 35.5,  3.5,  3. , 16. , 18.5, 10.5, 12. , 23. ,       31. , 21. , 10. , 22.5], dtype=float32), array([11.5,  5. , 28.5,  8.5, 28. , 24.5,  6.5, 33. , 34.5, 25.5,  2. ,       13. , 14.5, 25. , 33.5], dtype=float32), array([ 7. , 37.5, 39. , 19.5, 13.5, 30. , 14. , 37. ,  5.5,  9. , 32.5,       26.5, 35. , 24. , 26. ], dtype=float32)]"
model_num,25
n1,30
lr,0.0001
bs,4
loss,[0.00451633 0.00381363 0.13184056 0.0088158  0.00856748]
loss_mean,0.031510763
loss_std,0.050206285
accuracy,[1.         1.         0.93333334 1.         1.        ]
accuracy_mean,0.9866667
accuracy_std,0.026666665
test_list,"[array([16.5, 15.5, 29.5, 12.5, 34. , 21.5,  4. , 38.5, 30.5, 31.5, 22. ,       18. ,  6. ,  7.5, 27.5, 20.5], dtype=float32), array([17.5, 36. , 36.5, 38. ,  9.5,  2.5, 27. , 11. , 39.5, 15. , 17. ,       29. ,  4.5, 20. , 23.5, 19. ], dtype=float32), array([40. ,  8. , 32. , 35.5,  3.5,  3. , 16. , 18.5, 10.5, 12. , 23. ,       31. , 21. , 10. , 22.5], dtype=float32), array([11.5,  5. , 28.5,  8.5, 28. , 24.5,  6.5, 33. , 34.5, 25.5,  2. ,       13. , 14.5, 25. , 33.5], dtype=float32), array([ 7. , 37.5, 39. , 19.5, 13.5, 30. , 14. , 37. ,  5.5,  9. , 32.5,       26.5, 35. , 24. , 26. ], dtype=float32)]"
model_num,26
n1,30
lr,0.0001
bs,6
loss,[0.01932087 0.06897154 0.33424982 0.02770543 0.01772678]
loss_mean,0.093594894
loss_std,0.12176628
accuracy,[1.         0.875      0.93333334 1.         1.        ]
accuracy_mean,0.9616667
accuracy_std,0.050442487
test_list,"[array([16.5, 15.5, 29.5, 12.5, 34. , 21.5,  4. , 38.5, 30.5, 31.5, 22. ,       18. ,  6. ,  7.5, 27.5, 20.5], dtype=float32), array([17.5, 36. , 36.5, 38. ,  9.5,  2.5, 27. , 11. , 39.5, 15. , 17. ,       29. ,  4.5, 20. , 23.5, 19. ], dtype=float32), array([40. ,  8. , 32. , 35.5,  3.5,  3. , 16. , 18.5, 10.5, 12. , 23. ,       31. , 21. , 10. , 22.5], dtype=float32), array([11.5,  5. , 28.5,  8.5, 28. , 24.5,  6.5, 33. , 34.5, 25.5,  2. ,       13. , 14.5, 25. , 33.5], dtype=float32), array([ 7. , 37.5, 39. , 19.5, 13.5, 30. , 14. , 37. ,  5.5,  9. , 32.5,       26.5, 35. , 24. , 26. ], dtype=float32)]"
model_num,27
n1,30
lr,0.0001
bs,8
loss,[0.03413256 0.21907383 1.0506388  0.02024597 0.26841748]
loss_mean,0.31850174
loss_std,0.3790096
accuracy,[1.        0.75      0.8666667 1.        0.6666667]
accuracy_mean,0.8566667
accuracy_std,0.13316655
test_list,"[array([16.5, 15.5, 29.5, 12.5, 34. , 21.5,  4. , 38.5, 30.5, 31.5, 22. ,       18. ,  6. ,  7.5, 27.5, 20.5], dtype=float32), array([17.5, 36. , 36.5, 38. ,  9.5,  2.5, 27. , 11. , 39.5, 15. , 17. ,       29. ,  4.5, 20. , 23.5, 19. ], dtype=float32), array([40. ,  8. , 32. , 35.5,  3.5,  3. , 16. , 18.5, 10.5, 12. , 23. ,       31. , 21. , 10. , 22.5], dtype=float32), array([11.5,  5. , 28.5,  8.5, 28. , 24.5,  6.5, 33. , 34.5, 25.5,  2. ,       13. , 14.5, 25. , 33.5], dtype=float32), array([ 7. , 37.5, 39. , 19.5, 13.5, 30. , 14. , 37. ,  5.5,  9. , 32.5,       26.5, 35. , 24. , 26. ], dtype=float32)]"
model_num,28
n1,30
lr,0.0005
bs,4
loss,[0.00140785 0.00189427 0.0050332  0.0067625  0.00113601]
loss_mean,0.003246766
loss_std,0.002245793
accuracy,[1. 1. 1. 1. 1.]
accuracy_mean,1
accuracy_std,0
test_list,"[array([16.5, 15.5, 29.5, 12.5, 34. , 21.5,  4. , 38.5, 30.5, 31.5, 22. ,       18. ,  6. ,  7.5, 27.5, 20.5], dtype=float32), array([17.5, 36. , 36.5, 38. ,  9.5,  2.5, 27. , 11. , 39.5, 15. , 17. ,       29. ,  4.5, 20. , 23.5, 19. ], dtype=float32), array([40. ,  8. , 32. , 35.5,  3.5,  3. , 16. , 18.5, 10.5, 12. , 23. ,       31. , 21. , 10. , 22.5], dtype=float32), array([11.5,  5. , 28.5,  8.5, 28. , 24.5,  6.5, 33. , 34.5, 25.5,  2. ,       13. , 14.5, 25. , 33.5], dtype=float32), array([ 7. , 37.5, 39. , 19.5, 13.5, 30. , 14. , 37. ,  5.5,  9. , 32.5,       26.5, 35. , 24. , 26. ], dtype=float32)]"
model_num,29
n1,30
lr,0.0005
bs,6
loss,[0.00075795 0.0029308  0.01540459 0.00039117 0.00408542]
loss_mean,0.004713984
loss_std,0.00551726
accuracy,[1. 1. 1. 1. 1.]
accuracy_mean,1
accuracy_std,0
test_list,"[array([16.5, 15.5, 29.5, 12.5, 34. , 21.5,  4. , 38.5, 30.5, 31.5, 22. ,       18. ,  6. ,  7.5, 27.5, 20.5], dtype=float32), array([17.5, 36. , 36.5, 38. ,  9.5,  2.5, 27. , 11. , 39.5, 15. , 17. ,       29. ,  4.5, 20. , 23.5, 19. ], dtype=float32), array([40. ,  8. , 32. , 35.5,  3.5,  3. , 16. , 18.5, 10.5, 12. , 23. ,       31. , 21. , 10. , 22.5], dtype=float32), array([11.5,  5. , 28.5,  8.5, 28. , 24.5,  6.5, 33. , 34.5, 25.5,  2. ,       13. , 14.5, 25. , 33.5], dtype=float32), array([ 7. , 37.5, 39. , 19.5, 13.5, 30. , 14. , 37. ,  5.5,  9. , 32.5,       26.5, 35. , 24. , 26. ], dtype=float32)]"
model_num,30
n1,30
lr,0.0005
bs,8
loss,[0.00089194 0.00153009 0.02491    0.0047777  0.00367297]
loss_mean,0.007156541
loss_std,0.008987565
accuracy,[1.         1.         0.93333334 1.         1.        ]
accuracy_mean,0.9866667
accuracy_std,0.026666665
test_list,"[array([16.5, 15.5, 29.5, 12.5, 34. , 21.5,  4. , 38.5, 30.5, 31.5, 22. ,       18. ,  6. ,  7.5, 27.5, 20.5], dtype=float32), array([17.5, 36. , 36.5, 38. ,  9.5,  2.5, 27. , 11. , 39.5, 15. , 17. ,       29. ,  4.5, 20. , 23.5, 19. ], dtype=float32), array([40. ,  8. , 32. , 35.5,  3.5,  3. , 16. , 18.5, 10.5, 12. , 23. ,       31. , 21. , 10. , 22.5], dtype=float32), array([11.5,  5. , 28.5,  8.5, 28. , 24.5,  6.5, 33. , 34.5, 25.5,  2. ,       13. , 14.5, 25. , 33.5], dtype=float32), array([ 7. , 37.5, 39. , 19.5, 13.5, 30. , 14. , 37. ,  5.5,  9. , 32.5,       26.5, 35. , 24. , 26. ], dtype=float32)]"
model_num,31
n1,30
lr,5.00E-05
bs,4
loss,[0.01936378 0.1736159  0.44068736 0.026712   0.04250145]
loss_mean,0.1405761
loss_std,0.16027133
accuracy,[1.         0.75       0.8666667  1.         0.93333334]
accuracy_mean,0.91
accuracy_std,0.09404491
test_list,"[array([16.5, 15.5, 29.5, 12.5, 34. , 21.5,  4. , 38.5, 30.5, 31.5, 22. ,       18. ,  6. ,  7.5, 27.5, 20.5], dtype=float32), array([17.5, 36. , 36.5, 38. ,  9.5,  2.5, 27. , 11. , 39.5, 15. , 17. ,       29. ,  4.5, 20. , 23.5, 19. ], dtype=float32), array([40. ,  8. , 32. , 35.5,  3.5,  3. , 16. , 18.5, 10.5, 12. , 23. ,       31. , 21. , 10. , 22.5], dtype=float32), array([11.5,  5. , 28.5,  8.5, 28. , 24.5,  6.5, 33. , 34.5, 25.5,  2. ,       13. , 14.5, 25. , 33.5], dtype=float32), array([ 7. , 37.5, 39. , 19.5, 13.5, 30. , 14. , 37. ,  5.5,  9. , 32.5,       26.5, 35. , 24. , 26. ], dtype=float32)]"
model_num,32
n1,30
lr,5.00E-05
bs,6
loss,[0.04874048 0.49906215 0.44265458 0.09285609 0.28743622]
loss_mean,0.2741499
loss_std,0.18046203
accuracy,[1.         0.8125     0.8666667  0.93333334 0.73333335]
accuracy_mean,0.86916673
accuracy_std,0.09263129
test_list,"[array([16.5, 15.5, 29.5, 12.5, 34. , 21.5,  4. , 38.5, 30.5, 31.5, 22. ,       18. ,  6. ,  7.5, 27.5, 20.5], dtype=float32), array([17.5, 36. , 36.5, 38. ,  9.5,  2.5, 27. , 11. , 39.5, 15. , 17. ,       29. ,  4.5, 20. , 23.5, 19. ], dtype=float32), array([40. ,  8. , 32. , 35.5,  3.5,  3. , 16. , 18.5, 10.5, 12. , 23. ,       31. , 21. , 10. , 22.5], dtype=float32), array([11.5,  5. , 28.5,  8.5, 28. , 24.5,  6.5, 33. , 34.5, 25.5,  2. ,       13. , 14.5, 25. , 33.5], dtype=float32), array([ 7. , 37.5, 39. , 19.5, 13.5, 30. , 14. , 37. ,  5.5,  9. , 32.5,       26.5, 35. , 24. , 26. ], dtype=float32)]"
model_num,33
n1,30
lr,5.00E-05
bs,8
loss,[0.37687007 1.0268593  3.9729161  0.2758693  0.8256256 ]
loss_mean,1.2956281
loss_std,1.3671162
accuracy,[0.6875     0.6875     0.4        0.73333335 0.4       ]
accuracy_mean,0.58166665
accuracy_std,0.14927138
test_list,"[array([16.5, 15.5, 29.5, 12.5, 34. , 21.5,  4. , 38.5, 30.5, 31.5, 22. ,       18. ,  6. ,  7.5, 27.5, 20.5], dtype=float32), array([17.5, 36. , 36.5, 38. ,  9.5,  2.5, 27. , 11. , 39.5, 15. , 17. ,       29. ,  4.5, 20. , 23.5, 19. ], dtype=float32), array([40. ,  8. , 32. , 35.5,  3.5,  3. , 16. , 18.5, 10.5, 12. , 23. ,       31. , 21. , 10. , 22.5], dtype=float32), array([11.5,  5. , 28.5,  8.5, 28. , 24.5,  6.5, 33. , 34.5, 25.5,  2. ,       13. , 14.5, 25. , 33.5], dtype=float32), array([ 7. , 37.5, 39. , 19.5, 13.5, 30. , 14. , 37. ,  5.5,  9. , 32.5,       26.5, 35. , 24. , 26. ], dtype=float32)]"
model_num,34
n1,30
lr,1.00E-05
bs,4
loss,[10.704782  22.875702  14.222626   7.2831073 18.435957 ]
loss_mean,14.704434
loss_std,5.5136075
accuracy,[0.1875     0.0625     0.2        0.06666667 0.        ]
accuracy_mean,0.10333333
accuracy_std,0.07761192
test_list,"[array([16.5, 15.5, 29.5, 12.5, 34. , 21.5,  4. , 38.5, 30.5, 31.5, 22. ,       18. ,  6. ,  7.5, 27.5, 20.5], dtype=float32), array([17.5, 36. , 36.5, 38. ,  9.5,  2.5, 27. , 11. , 39.5, 15. , 17. ,       29. ,  4.5, 20. , 23.5, 19. ], dtype=float32), array([40. ,  8. , 32. , 35.5,  3.5,  3. , 16. , 18.5, 10.5, 12. , 23. ,       31. , 21. , 10. , 22.5], dtype=float32), array([11.5,  5. , 28.5,  8.5, 28. , 24.5,  6.5, 33. , 34.5, 25.5,  2. ,       13. , 14.5, 25. , 33.5], dtype=float32), array([ 7. , 37.5, 39. , 19.5, 13.5, 30. , 14. , 37. ,  5.5,  9. , 32.5,       26.5, 35. , 24. , 26. ], dtype=float32)]"
model_num,35
n1,30
lr,1.00E-05
bs,6
loss,[16.70573  34.411892 28.557468 12.777666 38.25525 ]
loss_mean,26.141602
loss_std,9.885393
accuracy,[0.0625     0.0625     0.06666667 0.06666667 0.06666667]
accuracy_mean,0.065
accuracy_std,0.002041243
test_list,"[array([16.5, 15.5, 29.5, 12.5, 34. , 21.5,  4. , 38.5, 30.5, 31.5, 22. ,       18. ,  6. ,  7.5, 27.5, 20.5], dtype=float32), array([17.5, 36. , 36.5, 38. ,  9.5,  2.5, 27. , 11. , 39.5, 15. , 17. ,       29. ,  4.5, 20. , 23.5, 19. ], dtype=float32), array([40. ,  8. , 32. , 35.5,  3.5,  3. , 16. , 18.5, 10.5, 12. , 23. ,       31. , 21. , 10. , 22.5], dtype=float32), array([11.5,  5. , 28.5,  8.5, 28. , 24.5,  6.5, 33. , 34.5, 25.5,  2. ,       13. , 14.5, 25. , 33.5], dtype=float32), array([ 7. , 37.5, 39. , 19.5, 13.5, 30. , 14. , 37. ,  5.5,  9. , 32.5,       26.5, 35. , 24. , 26. ], dtype=float32)]"
model_num,36
n1,30
lr,1.00E-05
bs,8
loss,[ 29.526691 124.78574   63.416393  16.903496  87.66309 ]
loss_mean,64.45908
loss_std,39.14237
accuracy,[0.125      0.125      0.06666667 0.2        0.        ]
accuracy_mean,0.10333333
accuracy_std,0.06679155
test_list,"[array([16.5, 15.5, 29.5, 12.5, 34. , 21.5,  4. , 38.5, 30.5, 31.5, 22. ,       18. ,  6. ,  7.5, 27.5, 20.5], dtype=float32), array([17.5, 36. , 36.5, 38. ,  9.5,  2.5, 27. , 11. , 39.5, 15. , 17. ,       29. ,  4.5, 20. , 23.5, 19. ], dtype=float32), array([40. ,  8. , 32. , 35.5,  3.5,  3. , 16. , 18.5, 10.5, 12. , 23. ,       31. , 21. , 10. , 22.5], dtype=float32), array([11.5,  5. , 28.5,  8.5, 28. , 24.5,  6.5, 33. , 34.5, 25.5,  2. ,       13. , 14.5, 25. , 33.5], dtype=float32), array([ 7. , 37.5, 39. , 19.5, 13.5, 30. , 14. , 37. ,  5.5,  9. , 32.5,       26.5, 35. , 24. , 26. ], dtype=float32)]"
model_num,37
n1,35
lr,0.0001
bs,4
loss,[0.00358311 0.01684295 0.04405946 0.00108975 0.00345536]
loss_mean,0.013806122
loss_std,0.01611112
accuracy,[1.         1.         0.93333334 1.         1.        ]
accuracy_mean,0.9866667
accuracy_std,0.026666665
test_list,"[array([16.5, 15.5, 29.5, 12.5, 34. , 21.5,  4. , 38.5, 30.5, 31.5, 22. ,       18. ,  6. ,  7.5, 27.5, 20.5], dtype=float32), array([17.5, 36. , 36.5, 38. ,  9.5,  2.5, 27. , 11. , 39.5, 15. , 17. ,       29. ,  4.5, 20. , 23.5, 19. ], dtype=float32), array([40. ,  8. , 32. , 35.5,  3.5,  3. , 16. , 18.5, 10.5, 12. , 23. ,       31. , 21. , 10. , 22.5], dtype=float32), array([11.5,  5. , 28.5,  8.5, 28. , 24.5,  6.5, 33. , 34.5, 25.5,  2. ,       13. , 14.5, 25. , 33.5], dtype=float32), array([ 7. , 37.5, 39. , 19.5, 13.5, 30. , 14. , 37. ,  5.5,  9. , 32.5,       26.5, 35. , 24. , 26. ], dtype=float32)]"
model_num,38
n1,35
lr,0.0001
bs,6
loss,[0.00437414 0.05747663 0.10864506 0.01058537 0.10938662]
loss_mean,0.058093566
loss_std,0.045452427
accuracy,[1.         0.9375     0.93333334 1.         0.8666667 ]
accuracy_mean,0.94750005
accuracy_std,0.049693502
test_list,"[array([16.5, 15.5, 29.5, 12.5, 34. , 21.5,  4. , 38.5, 30.5, 31.5, 22. ,       18. ,  6. ,  7.5, 27.5, 20.5], dtype=float32), array([17.5, 36. , 36.5, 38. ,  9.5,  2.5, 27. , 11. , 39.5, 15. , 17. ,       29. ,  4.5, 20. , 23.5, 19. ], dtype=float32), array([40. ,  8. , 32. , 35.5,  3.5,  3. , 16. , 18.5, 10.5, 12. , 23. ,       31. , 21. , 10. , 22.5], dtype=float32), array([11.5,  5. , 28.5,  8.5, 28. , 24.5,  6.5, 33. , 34.5, 25.5,  2. ,       13. , 14.5, 25. , 33.5], dtype=float32), array([ 7. , 37.5, 39. , 19.5, 13.5, 30. , 14. , 37. ,  5.5,  9. , 32.5,       26.5, 35. , 24. , 26. ], dtype=float32)]"
model_num,39
n1,35
lr,0.0001
bs,8
loss,[0.00452192 0.06724059 0.47836158 0.037473   0.2661771 ]
loss_mean,0.17075484
loss_std,0.17879595
accuracy,[1.         0.875      0.8666667  1.         0.73333335]
accuracy_mean,0.8950001
accuracy_std,0.099387005
test_list,"[array([16.5, 15.5, 29.5, 12.5, 34. , 21.5,  4. , 38.5, 30.5, 31.5, 22. ,       18. ,  6. ,  7.5, 27.5, 20.5], dtype=float32), array([17.5, 36. , 36.5, 38. ,  9.5,  2.5, 27. , 11. , 39.5, 15. , 17. ,       29. ,  4.5, 20. , 23.5, 19. ], dtype=float32), array([40. ,  8. , 32. , 35.5,  3.5,  3. , 16. , 18.5, 10.5, 12. , 23. ,       31. , 21. , 10. , 22.5], dtype=float32), array([11.5,  5. , 28.5,  8.5, 28. , 24.5,  6.5, 33. , 34.5, 25.5,  2. ,       13. , 14.5, 25. , 33.5], dtype=float32), array([ 7. , 37.5, 39. , 19.5, 13.5, 30. , 14. , 37. ,  5.5,  9. , 32.5,       26.5, 35. , 24. , 26. ], dtype=float32)]"
model_num,40
n1,35
lr,0.0005
bs,4
loss,[0.00065556 0.00175082 0.00577152 0.0004385  0.0012685 ]
loss_mean,0.00197698
loss_std,0.001952674
accuracy,[1. 1. 1. 1. 1.]
accuracy_mean,1
accuracy_std,0
test_list,"[array([16.5, 15.5, 29.5, 12.5, 34. , 21.5,  4. , 38.5, 30.5, 31.5, 22. ,       18. ,  6. ,  7.5, 27.5, 20.5], dtype=float32), array([17.5, 36. , 36.5, 38. ,  9.5,  2.5, 27. , 11. , 39.5, 15. , 17. ,       29. ,  4.5, 20. , 23.5, 19. ], dtype=float32), array([40. ,  8. , 32. , 35.5,  3.5,  3. , 16. , 18.5, 10.5, 12. , 23. ,       31. , 21. , 10. , 22.5], dtype=float32), array([11.5,  5. , 28.5,  8.5, 28. , 24.5,  6.5, 33. , 34.5, 25.5,  2. ,       13. , 14.5, 25. , 33.5], dtype=float32), array([ 7. , 37.5, 39. , 19.5, 13.5, 30. , 14. , 37. ,  5.5,  9. , 32.5,       26.5, 35. , 24. , 26. ], dtype=float32)]"
model_num,41
n1,35
lr,0.0005
bs,6
loss,[0.00194175 0.00101069 0.01813629 0.0048487  0.00166817]
loss_mean,0.005521123
loss_std,0.006443535
accuracy,[1. 1. 1. 1. 1.]
accuracy_mean,1
accuracy_std,0
test_list,"[array([16.5, 15.5, 29.5, 12.5, 34. , 21.5,  4. , 38.5, 30.5, 31.5, 22. ,       18. ,  6. ,  7.5, 27.5, 20.5], dtype=float32), array([17.5, 36. , 36.5, 38. ,  9.5,  2.5, 27. , 11. , 39.5, 15. , 17. ,       29. ,  4.5, 20. , 23.5, 19. ], dtype=float32), array([40. ,  8. , 32. , 35.5,  3.5,  3. , 16. , 18.5, 10.5, 12. , 23. ,       31. , 21. , 10. , 22.5], dtype=float32), array([11.5,  5. , 28.5,  8.5, 28. , 24.5,  6.5, 33. , 34.5, 25.5,  2. ,       13. , 14.5, 25. , 33.5], dtype=float32), array([ 7. , 37.5, 39. , 19.5, 13.5, 30. , 14. , 37. ,  5.5,  9. , 32.5,       26.5, 35. , 24. , 26. ], dtype=float32)]"
model_num,42
n1,35
lr,0.0005
bs,8
loss,[0.00083032 0.00381782 0.01956256 0.00081811 0.00186135]
loss_mean,0.005378034
loss_std,0.007176027
accuracy,[1.         1.         0.93333334 1.         1.        ]
accuracy_mean,0.9866667
accuracy_std,0.026666665
test_list,"[array([16.5, 15.5, 29.5, 12.5, 34. , 21.5,  4. , 38.5, 30.5, 31.5, 22. ,       18. ,  6. ,  7.5, 27.5, 20.5], dtype=float32), array([17.5, 36. , 36.5, 38. ,  9.5,  2.5, 27. , 11. , 39.5, 15. , 17. ,       29. ,  4.5, 20. , 23.5, 19. ], dtype=float32), array([40. ,  8. , 32. , 35.5,  3.5,  3. , 16. , 18.5, 10.5, 12. , 23. ,       31. , 21. , 10. , 22.5], dtype=float32), array([11.5,  5. , 28.5,  8.5, 28. , 24.5,  6.5, 33. , 34.5, 25.5,  2. ,       13. , 14.5, 25. , 33.5], dtype=float32), array([ 7. , 37.5, 39. , 19.5, 13.5, 30. , 14. , 37. ,  5.5,  9. , 32.5,       26.5, 35. , 24. , 26. ], dtype=float32)]"
model_num,43
n1,35
lr,5.00E-05
bs,4
loss,[0.01142328 0.24571791 0.37575197 0.02092377 0.11122646]
loss_mean,0.15300868
loss_std,0.13960528
accuracy,[1.         0.75       0.93333334 1.         0.8666667 ]
accuracy_mean,0.91
accuracy_std,0.09404491
test_list,"[array([16.5, 15.5, 29.5, 12.5, 34. , 21.5,  4. , 38.5, 30.5, 31.5, 22. ,       18. ,  6. ,  7.5, 27.5, 20.5], dtype=float32), array([17.5, 36. , 36.5, 38. ,  9.5,  2.5, 27. , 11. , 39.5, 15. , 17. ,       29. ,  4.5, 20. , 23.5, 19. ], dtype=float32), array([40. ,  8. , 32. , 35.5,  3.5,  3. , 16. , 18.5, 10.5, 12. , 23. ,       31. , 21. , 10. , 22.5], dtype=float32), array([11.5,  5. , 28.5,  8.5, 28. , 24.5,  6.5, 33. , 34.5, 25.5,  2. ,       13. , 14.5, 25. , 33.5], dtype=float32), array([ 7. , 37.5, 39. , 19.5, 13.5, 30. , 14. , 37. ,  5.5,  9. , 32.5,       26.5, 35. , 24. , 26. ], dtype=float32)]"
model_num,44
n1,35
lr,5.00E-05
bs,6
loss,[0.01403593 0.3792917  0.5618016  0.0247742  0.17959999]
loss_mean,0.23190069
loss_std,0.21149966
accuracy,[1.        0.8125    0.8666667 1.        0.8      ]
accuracy_mean,0.8958334
accuracy_std,0.08795516
test_list,"[array([16.5, 15.5, 29.5, 12.5, 34. , 21.5,  4. , 38.5, 30.5, 31.5, 22. ,       18. ,  6. ,  7.5, 27.5, 20.5], dtype=float32), array([17.5, 36. , 36.5, 38. ,  9.5,  2.5, 27. , 11. , 39.5, 15. , 17. ,       29. ,  4.5, 20. , 23.5, 19. ], dtype=float32), array([40. ,  8. , 32. , 35.5,  3.5,  3. , 16. , 18.5, 10.5, 12. , 23. ,       31. , 21. , 10. , 22.5], dtype=float32), array([11.5,  5. , 28.5,  8.5, 28. , 24.5,  6.5, 33. , 34.5, 25.5,  2. ,       13. , 14.5, 25. , 33.5], dtype=float32), array([ 7. , 37.5, 39. , 19.5, 13.5, 30. , 14. , 37. ,  5.5,  9. , 32.5,       26.5, 35. , 24. , 26. ], dtype=float32)]"
model_num,45
n1,35
lr,5.00E-05
bs,8
loss,[0.05412263 1.2702947  1.2121184  0.5890534  0.8439983 ]
loss_mean,0.7939175
loss_std,0.44578046
accuracy,[0.9375     0.5625     0.73333335 0.4        0.4       ]
accuracy_mean,0.6066667
accuracy_std,0.20633373
test_list,"[array([16.5, 15.5, 29.5, 12.5, 34. , 21.5,  4. , 38.5, 30.5, 31.5, 22. ,       18. ,  6. ,  7.5, 27.5, 20.5], dtype=float32), array([17.5, 36. , 36.5, 38. ,  9.5,  2.5, 27. , 11. , 39.5, 15. , 17. ,       29. ,  4.5, 20. , 23.5, 19. ], dtype=float32), array([40. ,  8. , 32. , 35.5,  3.5,  3. , 16. , 18.5, 10.5, 12. , 23. ,       31. , 21. , 10. , 22.5], dtype=float32), array([11.5,  5. , 28.5,  8.5, 28. , 24.5,  6.5, 33. , 34.5, 25.5,  2. ,       13. , 14.5, 25. , 33.5], dtype=float32), array([ 7. , 37.5, 39. , 19.5, 13.5, 30. , 14. , 37. ,  5.5,  9. , 32.5,       26.5, 35. , 24. , 26. ], dtype=float32)]"
model_num,46
n1,35
lr,1.00E-05
bs,4
loss,[ 4.550178 19.982168 19.913074  8.540072 18.255945]
loss_mean,14.248288
loss_std,6.444619
accuracy,[0.375      0.1875     0.13333334 0.         0.        ]
accuracy_mean,0.13916667
accuracy_std,0.13908431
test_list,"[array([16.5, 15.5, 29.5, 12.5, 34. , 21.5,  4. , 38.5, 30.5, 31.5, 22. ,       18. ,  6. ,  7.5, 27.5, 20.5], dtype=float32), array([17.5, 36. , 36.5, 38. ,  9.5,  2.5, 27. , 11. , 39.5, 15. , 17. ,       29. ,  4.5, 20. , 23.5, 19. ], dtype=float32), array([40. ,  8. , 32. , 35.5,  3.5,  3. , 16. , 18.5, 10.5, 12. , 23. ,       31. , 21. , 10. , 22.5], dtype=float32), array([11.5,  5. , 28.5,  8.5, 28. , 24.5,  6.5, 33. , 34.5, 25.5,  2. ,       13. , 14.5, 25. , 33.5], dtype=float32), array([ 7. , 37.5, 39. , 19.5, 13.5, 30. , 14. , 37. ,  5.5,  9. , 32.5,       26.5, 35. , 24. , 26. ], dtype=float32)]"
model_num,47
n1,35
lr,1.00E-05
bs,6
loss,[13.845229 34.352695 33.903225 12.589096 42.760086]
loss_mean,27.490067
loss_std,12.079886
accuracy,[0.1875     0.0625     0.06666667 0.06666667 0.06666667]
accuracy_mean,0.089999996
accuracy_std,0.0487767
test_list,"[array([16.5, 15.5, 29.5, 12.5, 34. , 21.5,  4. , 38.5, 30.5, 31.5, 22. ,       18. ,  6. ,  7.5, 27.5, 20.5], dtype=float32), array([17.5, 36. , 36.5, 38. ,  9.5,  2.5, 27. , 11. , 39.5, 15. , 17. ,       29. ,  4.5, 20. , 23.5, 19. ], dtype=float32), array([40. ,  8. , 32. , 35.5,  3.5,  3. , 16. , 18.5, 10.5, 12. , 23. ,       31. , 21. , 10. , 22.5], dtype=float32), array([11.5,  5. , 28.5,  8.5, 28. , 24.5,  6.5, 33. , 34.5, 25.5,  2. ,       13. , 14.5, 25. , 33.5], dtype=float32), array([ 7. , 37.5, 39. , 19.5, 13.5, 30. , 14. , 37. ,  5.5,  9. , 32.5,       26.5, 35. , 24. , 26. ], dtype=float32)]"
model_num,48
n1,35
lr,1.00E-05
bs,8
loss,[24.783817 73.68268  48.516968 17.360569 69.12366 ]
loss_mean,46.693535
loss_std,22.69497
accuracy,[0.0625     0.125      0.06666667 0.13333334 0.        ]
accuracy_mean,0.0775
accuracy_std,0.048419464
test_list,"[array([16.5, 15.5, 29.5, 12.5, 34. , 21.5,  4. , 38.5, 30.5, 31.5, 22. ,       18. ,  6. ,  7.5, 27.5, 20.5], dtype=float32), array([17.5, 36. , 36.5, 38. ,  9.5,  2.5, 27. , 11. , 39.5, 15. , 17. ,       29. ,  4.5, 20. , 23.5, 19. ], dtype=float32), array([40. ,  8. , 32. , 35.5,  3.5,  3. , 16. , 18.5, 10.5, 12. , 23. ,       31. , 21. , 10. , 22.5], dtype=float32), array([11.5,  5. , 28.5,  8.5, 28. , 24.5,  6.5, 33. , 34.5, 25.5,  2. ,       13. , 14.5, 25. , 33.5], dtype=float32), array([ 7. , 37.5, 39. , 19.5, 13.5, 30. , 14. , 37. ,  5.5,  9. , 32.5,       26.5, 35. , 24. , 26. ], dtype=float32)]"
model_num,49
n1,40
lr,0.0001
bs,4
loss,[0.00888044 0.02210801 0.12083893 0.00659177 0.00373938]
loss_mean,0.032431703
loss_std,0.04464981
accuracy,[1.         1.         0.93333334 1.         1.        ]
accuracy_mean,0.9866667
accuracy_std,0.026666665
test_list,"[array([16.5, 15.5, 29.5, 12.5, 34. , 21.5,  4. , 38.5, 30.5, 31.5, 22. ,       18. ,  6. ,  7.5, 27.5, 20.5], dtype=float32), array([17.5, 36. , 36.5, 38. ,  9.5,  2.5, 27. , 11. , 39.5, 15. , 17. ,       29. ,  4.5, 20. , 23.5, 19. ], dtype=float32), array([40. ,  8. , 32. , 35.5,  3.5,  3. , 16. , 18.5, 10.5, 12. , 23. ,       31. , 21. , 10. , 22.5], dtype=float32), array([11.5,  5. , 28.5,  8.5, 28. , 24.5,  6.5, 33. , 34.5, 25.5,  2. ,       13. , 14.5, 25. , 33.5], dtype=float32), array([ 7. , 37.5, 39. , 19.5, 13.5, 30. , 14. , 37. ,  5.5,  9. , 32.5,       26.5, 35. , 24. , 26. ], dtype=float32)]"
model_num,50
n1,40
lr,0.0001
bs,6
loss,[0.00651581 0.0942744  0.11176576 0.00736544 0.09964609]
loss_mean,0.0639135
loss_std,0.04686282
accuracy,[1.         0.8125     0.93333334 1.         0.8666667 ]
accuracy_mean,0.9225
accuracy_std,0.07395569
test_list,"[array([16.5, 15.5, 29.5, 12.5, 34. , 21.5,  4. , 38.5, 30.5, 31.5, 22. ,       18. ,  6. ,  7.5, 27.5, 20.5], dtype=float32), array([17.5, 36. , 36.5, 38. ,  9.5,  2.5, 27. , 11. , 39.5, 15. , 17. ,       29. ,  4.5, 20. , 23.5, 19. ], dtype=float32), array([40. ,  8. , 32. , 35.5,  3.5,  3. , 16. , 18.5, 10.5, 12. , 23. ,       31. , 21. , 10. , 22.5], dtype=float32), array([11.5,  5. , 28.5,  8.5, 28. , 24.5,  6.5, 33. , 34.5, 25.5,  2. ,       13. , 14.5, 25. , 33.5], dtype=float32), array([ 7. , 37.5, 39. , 19.5, 13.5, 30. , 14. , 37. ,  5.5,  9. , 32.5,       26.5, 35. , 24. , 26. ], dtype=float32)]"
model_num,51
n1,40
lr,0.0001
bs,8
loss,[0.01062514 0.09669355 0.7363223  0.01591519 0.1531379 ]
loss_mean,0.20253882
loss_std,0.27211308
accuracy,[1.        0.8125    0.8666667 1.        0.8      ]
accuracy_mean,0.8958334
accuracy_std,0.08795516
test_list,"[array([16.5, 15.5, 29.5, 12.5, 34. , 21.5,  4. , 38.5, 30.5, 31.5, 22. ,       18. ,  6. ,  7.5, 27.5, 20.5], dtype=float32), array([17.5, 36. , 36.5, 38. ,  9.5,  2.5, 27. , 11. , 39.5, 15. , 17. ,       29. ,  4.5, 20. , 23.5, 19. ], dtype=float32), array([40. ,  8. , 32. , 35.5,  3.5,  3. , 16. , 18.5, 10.5, 12. , 23. ,       31. , 21. , 10. , 22.5], dtype=float32), array([11.5,  5. , 28.5,  8.5, 28. , 24.5,  6.5, 33. , 34.5, 25.5,  2. ,       13. , 14.5, 25. , 33.5], dtype=float32), array([ 7. , 37.5, 39. , 19.5, 13.5, 30. , 14. , 37. ,  5.5,  9. , 32.5,       26.5, 35. , 24. , 26. ], dtype=float32)]"
model_num,52
n1,40
lr,0.0005
bs,4
loss,[0.00080254 0.00072411 0.0023754  0.00037024 0.00233748]
loss_mean,0.001321955
loss_std,0.000857206
accuracy,[1. 1. 1. 1. 1.]
accuracy_mean,1
accuracy_std,0
test_list,"[array([16.5, 15.5, 29.5, 12.5, 34. , 21.5,  4. , 38.5, 30.5, 31.5, 22. ,       18. ,  6. ,  7.5, 27.5, 20.5], dtype=float32), array([17.5, 36. , 36.5, 38. ,  9.5,  2.5, 27. , 11. , 39.5, 15. , 17. ,       29. ,  4.5, 20. , 23.5, 19. ], dtype=float32), array([40. ,  8. , 32. , 35.5,  3.5,  3. , 16. , 18.5, 10.5, 12. , 23. ,       31. , 21. , 10. , 22.5], dtype=float32), array([11.5,  5. , 28.5,  8.5, 28. , 24.5,  6.5, 33. , 34.5, 25.5,  2. ,       13. , 14.5, 25. , 33.5], dtype=float32), array([ 7. , 37.5, 39. , 19.5, 13.5, 30. , 14. , 37. ,  5.5,  9. , 32.5,       26.5, 35. , 24. , 26. ], dtype=float32)]"
model_num,53
n1,40
lr,0.0005
bs,6
loss,[0.00025665 0.01285439 0.00915815 0.00804401 0.00116135]
loss_mean,0.006294908
loss_std,0.004839388
accuracy,[1. 1. 1. 1. 1.]
accuracy_mean,1
accuracy_std,0
test_list,"[array([16.5, 15.5, 29.5, 12.5, 34. , 21.5,  4. , 38.5, 30.5, 31.5, 22. ,       18. ,  6. ,  7.5, 27.5, 20.5], dtype=float32), array([17.5, 36. , 36.5, 38. ,  9.5,  2.5, 27. , 11. , 39.5, 15. , 17. ,       29. ,  4.5, 20. , 23.5, 19. ], dtype=float32), array([40. ,  8. , 32. , 35.5,  3.5,  3. , 16. , 18.5, 10.5, 12. , 23. ,       31. , 21. , 10. , 22.5], dtype=float32), array([11.5,  5. , 28.5,  8.5, 28. , 24.5,  6.5, 33. , 34.5, 25.5,  2. ,       13. , 14.5, 25. , 33.5], dtype=float32), array([ 7. , 37.5, 39. , 19.5, 13.5, 30. , 14. , 37. ,  5.5,  9. , 32.5,       26.5, 35. , 24. , 26. ], dtype=float32)]"
model_num,54
n1,40
lr,0.0005
bs,8
loss,[0.00020606 0.0014957  0.01442933 0.00144972 0.00374681]
loss_mean,0.004265524
loss_std,0.005208686
accuracy,[1. 1. 1. 1. 1.]
accuracy_mean,1
accuracy_std,0
test_list,"[array([16.5, 15.5, 29.5, 12.5, 34. , 21.5,  4. , 38.5, 30.5, 31.5, 22. ,       18. ,  6. ,  7.5, 27.5, 20.5], dtype=float32), array([17.5, 36. , 36.5, 38. ,  9.5,  2.5, 27. , 11. , 39.5, 15. , 17. ,       29. ,  4.5, 20. , 23.5, 19. ], dtype=float32), array([40. ,  8. , 32. , 35.5,  3.5,  3. , 16. , 18.5, 10.5, 12. , 23. ,       31. , 21. , 10. , 22.5], dtype=float32), array([11.5,  5. , 28.5,  8.5, 28. , 24.5,  6.5, 33. , 34.5, 25.5,  2. ,       13. , 14.5, 25. , 33.5], dtype=float32), array([ 7. , 37.5, 39. , 19.5, 13.5, 30. , 14. , 37. ,  5.5,  9. , 32.5,       26.5, 35. , 24. , 26. ], dtype=float32)]"
model_num,55
n1,40
lr,5.00E-05
bs,4
loss,[0.01501657 0.09313604 0.15552145 0.00946834 0.10995611]
loss_mean,0.07661971
loss_std,0.05641603
accuracy,[1.         0.75       0.93333334 1.         0.8666667 ]
accuracy_mean,0.91
accuracy_std,0.09404491
test_list,"[array([16.5, 15.5, 29.5, 12.5, 34. , 21.5,  4. , 38.5, 30.5, 31.5, 22. ,       18. ,  6. ,  7.5, 27.5, 20.5], dtype=float32), array([17.5, 36. , 36.5, 38. ,  9.5,  2.5, 27. , 11. , 39.5, 15. , 17. ,       29. ,  4.5, 20. , 23.5, 19. ], dtype=float32), array([40. ,  8. , 32. , 35.5,  3.5,  3. , 16. , 18.5, 10.5, 12. , 23. ,       31. , 21. , 10. , 22.5], dtype=float32), array([11.5,  5. , 28.5,  8.5, 28. , 24.5,  6.5, 33. , 34.5, 25.5,  2. ,       13. , 14.5, 25. , 33.5], dtype=float32), array([ 7. , 37.5, 39. , 19.5, 13.5, 30. , 14. , 37. ,  5.5,  9. , 32.5,       26.5, 35. , 24. , 26. ], dtype=float32)]"
model_num,56
n1,40
lr,5.00E-05
bs,6
loss,[0.02619673 0.26245162 0.3887429  0.02203879 0.10632851]
loss_mean,0.16115172
loss_std,0.14326915
accuracy,[1.         0.75       0.93333334 1.         0.8666667 ]
accuracy_mean,0.91
accuracy_std,0.09404491
test_list,"[array([16.5, 15.5, 29.5, 12.5, 34. , 21.5,  4. , 38.5, 30.5, 31.5, 22. ,       18. ,  6. ,  7.5, 27.5, 20.5], dtype=float32), array([17.5, 36. , 36.5, 38. ,  9.5,  2.5, 27. , 11. , 39.5, 15. , 17. ,       29. ,  4.5, 20. , 23.5, 19. ], dtype=float32), array([40. ,  8. , 32. , 35.5,  3.5,  3. , 16. , 18.5, 10.5, 12. , 23. ,       31. , 21. , 10. , 22.5], dtype=float32), array([11.5,  5. , 28.5,  8.5, 28. , 24.5,  6.5, 33. , 34.5, 25.5,  2. ,       13. , 14.5, 25. , 33.5], dtype=float32), array([ 7. , 37.5, 39. , 19.5, 13.5, 30. , 14. , 37. ,  5.5,  9. , 32.5,       26.5, 35. , 24. , 26. ], dtype=float32)]"
model_num,57
n1,40
lr,5.00E-05
bs,8
loss,[0.05745972 0.6647561  1.9739697  0.23285928 0.36750776]
loss_mean,0.6593105
loss_std,0.686672
accuracy,[0.9375 0.75   0.8    0.8    0.6   ]
accuracy_mean,0.7775
accuracy_std,0.10851267
test_list,"[array([16.5, 15.5, 29.5, 12.5, 34. , 21.5,  4. , 38.5, 30.5, 31.5, 22. ,       18. ,  6. ,  7.5, 27.5, 20.5], dtype=float32), array([17.5, 36. , 36.5, 38. ,  9.5,  2.5, 27. , 11. , 39.5, 15. , 17. ,       29. ,  4.5, 20. , 23.5, 19. ], dtype=float32), array([40. ,  8. , 32. , 35.5,  3.5,  3. , 16. , 18.5, 10.5, 12. , 23. ,       31. , 21. , 10. , 22.5], dtype=float32), array([11.5,  5. , 28.5,  8.5, 28. , 24.5,  6.5, 33. , 34.5, 25.5,  2. ,       13. , 14.5, 25. , 33.5], dtype=float32), array([ 7. , 37.5, 39. , 19.5, 13.5, 30. , 14. , 37. ,  5.5,  9. , 32.5,       26.5, 35. , 24. , 26. ], dtype=float32)]"
model_num,58
n1,40
lr,1.00E-05
bs,4
loss,[ 5.6326203 19.524742  15.827947   7.655692  13.502531 ]
loss_mean,12.428706
loss_std,5.1386795
accuracy,[0.4375     0.1875     0.13333334 0.         0.13333334]
accuracy_mean,0.17833333
accuracy_std,0.14359955
test_list,"[array([16.5, 15.5, 29.5, 12.5, 34. , 21.5,  4. , 38.5, 30.5, 31.5, 22. ,       18. ,  6. ,  7.5, 27.5, 20.5], dtype=float32), array([17.5, 36. , 36.5, 38. ,  9.5,  2.5, 27. , 11. , 39.5, 15. , 17. ,       29. ,  4.5, 20. , 23.5, 19. ], dtype=float32), array([40. ,  8. , 32. , 35.5,  3.5,  3. , 16. , 18.5, 10.5, 12. , 23. ,       31. , 21. , 10. , 22.5], dtype=float32), array([11.5,  5. , 28.5,  8.5, 28. , 24.5,  6.5, 33. , 34.5, 25.5,  2. ,       13. , 14.5, 25. , 33.5], dtype=float32), array([ 7. , 37.5, 39. , 19.5, 13.5, 30. , 14. , 37. ,  5.5,  9. , 32.5,       26.5, 35. , 24. , 26. ], dtype=float32)]"
model_num,59
n1,40
lr,1.00E-05
bs,6
loss,[11.312899 30.198847 26.490593 12.494761 26.61738 ]
loss_mean,21.422894
loss_std,7.894367
accuracy,[0.1875     0.0625     0.06666667 0.06666667 0.        ]
accuracy_mean,0.07666667
accuracy_std,0.06093029
test_list,"[array([16.5, 15.5, 29.5, 12.5, 34. , 21.5,  4. , 38.5, 30.5, 31.5, 22. ,       18. ,  6. ,  7.5, 27.5, 20.5], dtype=float32), array([17.5, 36. , 36.5, 38. ,  9.5,  2.5, 27. , 11. , 39.5, 15. , 17. ,       29. ,  4.5, 20. , 23.5, 19. ], dtype=float32), array([40. ,  8. , 32. , 35.5,  3.5,  3. , 16. , 18.5, 10.5, 12. , 23. ,       31. , 21. , 10. , 22.5], dtype=float32), array([11.5,  5. , 28.5,  8.5, 28. , 24.5,  6.5, 33. , 34.5, 25.5,  2. ,       13. , 14.5, 25. , 33.5], dtype=float32), array([ 7. , 37.5, 39. , 19.5, 13.5, 30. , 14. , 37. ,  5.5,  9. , 32.5,       26.5, 35. , 24. , 26. ], dtype=float32)]"
model_num,60
n1,40
lr,1.00E-05
bs,8
loss,[19.894918 46.372    49.73985  13.03761  52.60511 ]
loss_mean,36.329903
loss_std,16.481459
accuracy,[0.         0.         0.06666667 0.06666667 0.13333334]
accuracy_mean,0.053333335
accuracy_std,0.049888767
test_list,"[array([16.5, 15.5, 29.5, 12.5, 34. , 21.5,  4. , 38.5, 30.5, 31.5, 22. ,       18. ,  6. ,  7.5, 27.5, 20.5], dtype=float32), array([17.5, 36. , 36.5, 38. ,  9.5,  2.5, 27. , 11. , 39.5, 15. , 17. ,       29. ,  4.5, 20. , 23.5, 19. ], dtype=float32), array([40. ,  8. , 32. , 35.5,  3.5,  3. , 16. , 18.5, 10.5, 12. , 23. ,       31. , 21. , 10. , 22.5], dtype=float32), array([11.5,  5. , 28.5,  8.5, 28. , 24.5,  6.5, 33. , 34.5, 25.5,  2. ,       13. , 14.5, 25. , 33.5], dtype=float32), array([ 7. , 37.5, 39. , 19.5, 13.5, 30. , 14. , 37. ,  5.5,  9. , 32.5,       26.5, 35. , 24. , 26. ], dtype=float32)]"
model_num,61
n1,45
lr,0.0001
bs,4
loss,[0.00268096 0.00205684 0.09313807 0.00485946 0.00776781]
loss_mean,0.022100627
loss_std,0.035574943
accuracy,[1.         1.         0.93333334 1.         1.        ]
accuracy_mean,0.9866667
accuracy_std,0.026666665
test_list,"[array([16.5, 15.5, 29.5, 12.5, 34. , 21.5,  4. , 38.5, 30.5, 31.5, 22. ,       18. ,  6. ,  7.5, 27.5, 20.5], dtype=float32), array([17.5, 36. , 36.5, 38. ,  9.5,  2.5, 27. , 11. , 39.5, 15. , 17. ,       29. ,  4.5, 20. , 23.5, 19. ], dtype=float32), array([40. ,  8. , 32. , 35.5,  3.5,  3. , 16. , 18.5, 10.5, 12. , 23. ,       31. , 21. , 10. , 22.5], dtype=float32), array([11.5,  5. , 28.5,  8.5, 28. , 24.5,  6.5, 33. , 34.5, 25.5,  2. ,       13. , 14.5, 25. , 33.5], dtype=float32), array([ 7. , 37.5, 39. , 19.5, 13.5, 30. , 14. , 37. ,  5.5,  9. , 32.5,       26.5, 35. , 24. , 26. ], dtype=float32)]"
model_num,62
n1,45
lr,0.0001
bs,6
loss,[0.00184365 0.07139213 0.22630209 0.0083697  0.0140926 ]
loss_mean,0.06440003
loss_std,0.08466959
accuracy,[1.         0.8125     0.93333334 1.         1.        ]
accuracy_mean,0.94916666
accuracy_std,0.07304869
test_list,"[array([16.5, 15.5, 29.5, 12.5, 34. , 21.5,  4. , 38.5, 30.5, 31.5, 22. ,       18. ,  6. ,  7.5, 27.5, 20.5], dtype=float32), array([17.5, 36. , 36.5, 38. ,  9.5,  2.5, 27. , 11. , 39.5, 15. , 17. ,       29. ,  4.5, 20. , 23.5, 19. ], dtype=float32), array([40. ,  8. , 32. , 35.5,  3.5,  3. , 16. , 18.5, 10.5, 12. , 23. ,       31. , 21. , 10. , 22.5], dtype=float32), array([11.5,  5. , 28.5,  8.5, 28. , 24.5,  6.5, 33. , 34.5, 25.5,  2. ,       13. , 14.5, 25. , 33.5], dtype=float32), array([ 7. , 37.5, 39. , 19.5, 13.5, 30. , 14. , 37. ,  5.5,  9. , 32.5,       26.5, 35. , 24. , 26. ], dtype=float32)]"
model_num,63
n1,45
lr,0.0001
bs,8
loss,[0.00577076 0.13202047 0.3139927  0.01125066 0.05531742]
loss_mean,0.1036704
loss_std,0.114457816
accuracy,[1.         0.75       0.93333334 1.         0.8666667 ]
accuracy_mean,0.91
accuracy_std,0.09404491
test_list,"[array([16.5, 15.5, 29.5, 12.5, 34. , 21.5,  4. , 38.5, 30.5, 31.5, 22. ,       18. ,  6. ,  7.5, 27.5, 20.5], dtype=float32), array([17.5, 36. , 36.5, 38. ,  9.5,  2.5, 27. , 11. , 39.5, 15. , 17. ,       29. ,  4.5, 20. , 23.5, 19. ], dtype=float32), array([40. ,  8. , 32. , 35.5,  3.5,  3. , 16. , 18.5, 10.5, 12. , 23. ,       31. , 21. , 10. , 22.5], dtype=float32), array([11.5,  5. , 28.5,  8.5, 28. , 24.5,  6.5, 33. , 34.5, 25.5,  2. ,       13. , 14.5, 25. , 33.5], dtype=float32), array([ 7. , 37.5, 39. , 19.5, 13.5, 30. , 14. , 37. ,  5.5,  9. , 32.5,       26.5, 35. , 24. , 26. ], dtype=float32)]"
model_num,64
n1,45
lr,0.0005
bs,4
loss,[0.00017345 0.00092507 0.00288911 0.00097733 0.0008928 ]
loss_mean,0.001171554
loss_std,0.000908009
accuracy,[1. 1. 1. 1. 1.]
accuracy_mean,1
accuracy_std,0
test_list,"[array([16.5, 15.5, 29.5, 12.5, 34. , 21.5,  4. , 38.5, 30.5, 31.5, 22. ,       18. ,  6. ,  7.5, 27.5, 20.5], dtype=float32), array([17.5, 36. , 36.5, 38. ,  9.5,  2.5, 27. , 11. , 39.5, 15. , 17. ,       29. ,  4.5, 20. , 23.5, 19. ], dtype=float32), array([40. ,  8. , 32. , 35.5,  3.5,  3. , 16. , 18.5, 10.5, 12. , 23. ,       31. , 21. , 10. , 22.5], dtype=float32), array([11.5,  5. , 28.5,  8.5, 28. , 24.5,  6.5, 33. , 34.5, 25.5,  2. ,       13. , 14.5, 25. , 33.5], dtype=float32), array([ 7. , 37.5, 39. , 19.5, 13.5, 30. , 14. , 37. ,  5.5,  9. , 32.5,       26.5, 35. , 24. , 26. ], dtype=float32)]"
model_num,65
n1,45
lr,0.0005
bs,6
loss,[0.00030944 0.00063464 0.01042823 0.00207188 0.00162362]
loss_mean,0.003013562
loss_std,0.003762117
accuracy,[1. 1. 1. 1. 1.]
accuracy_mean,1
accuracy_std,0
test_list,"[array([16.5, 15.5, 29.5, 12.5, 34. , 21.5,  4. , 38.5, 30.5, 31.5, 22. ,       18. ,  6. ,  7.5, 27.5, 20.5], dtype=float32), array([17.5, 36. , 36.5, 38. ,  9.5,  2.5, 27. , 11. , 39.5, 15. , 17. ,       29. ,  4.5, 20. , 23.5, 19. ], dtype=float32), array([40. ,  8. , 32. , 35.5,  3.5,  3. , 16. , 18.5, 10.5, 12. , 23. ,       31. , 21. , 10. , 22.5], dtype=float32), array([11.5,  5. , 28.5,  8.5, 28. , 24.5,  6.5, 33. , 34.5, 25.5,  2. ,       13. , 14.5, 25. , 33.5], dtype=float32), array([ 7. , 37.5, 39. , 19.5, 13.5, 30. , 14. , 37. ,  5.5,  9. , 32.5,       26.5, 35. , 24. , 26. ], dtype=float32)]"
model_num,66
n1,45
lr,0.0005
bs,8
loss,[0.00055884 0.00082288 0.01462235 0.00497922 0.00233784]
loss_mean,0.004664227
loss_std,0.005220835
accuracy,[1. 1. 1. 1. 1.]
accuracy_mean,1
accuracy_std,0
test_list,"[array([16.5, 15.5, 29.5, 12.5, 34. , 21.5,  4. , 38.5, 30.5, 31.5, 22. ,       18. ,  6. ,  7.5, 27.5, 20.5], dtype=float32), array([17.5, 36. , 36.5, 38. ,  9.5,  2.5, 27. , 11. , 39.5, 15. , 17. ,       29. ,  4.5, 20. , 23.5, 19. ], dtype=float32), array([40. ,  8. , 32. , 35.5,  3.5,  3. , 16. , 18.5, 10.5, 12. , 23. ,       31. , 21. , 10. , 22.5], dtype=float32), array([11.5,  5. , 28.5,  8.5, 28. , 24.5,  6.5, 33. , 34.5, 25.5,  2. ,       13. , 14.5, 25. , 33.5], dtype=float32), array([ 7. , 37.5, 39. , 19.5, 13.5, 30. , 14. , 37. ,  5.5,  9. , 32.5,       26.5, 35. , 24. , 26. ], dtype=float32)]"
model_num,67
n1,45
lr,5.00E-05
bs,4
loss,[0.00639563 0.08529788 0.15664618 0.00200773 0.07572922]
loss_mean,0.06521533
loss_std,0.057146147
accuracy,[1.         0.8125     0.93333334 1.         0.8666667 ]
accuracy_mean,0.9225
accuracy_std,0.07395569
test_list,"[array([16.5, 15.5, 29.5, 12.5, 34. , 21.5,  4. , 38.5, 30.5, 31.5, 22. ,       18. ,  6. ,  7.5, 27.5, 20.5], dtype=float32), array([17.5, 36. , 36.5, 38. ,  9.5,  2.5, 27. , 11. , 39.5, 15. , 17. ,       29. ,  4.5, 20. , 23.5, 19. ], dtype=float32), array([40. ,  8. , 32. , 35.5,  3.5,  3. , 16. , 18.5, 10.5, 12. , 23. ,       31. , 21. , 10. , 22.5], dtype=float32), array([11.5,  5. , 28.5,  8.5, 28. , 24.5,  6.5, 33. , 34.5, 25.5,  2. ,       13. , 14.5, 25. , 33.5], dtype=float32), array([ 7. , 37.5, 39. , 19.5, 13.5, 30. , 14. , 37. ,  5.5,  9. , 32.5,       26.5, 35. , 24. , 26. ], dtype=float32)]"
model_num,68
n1,45
lr,5.00E-05
bs,6
loss,[0.00760794 0.37137577 0.61650485 0.03552888 0.09110335]
loss_mean,0.22442415
loss_std,0.2348562
accuracy,[1.         0.8125     0.8666667  0.93333334 0.8666667 ]
accuracy_mean,0.8958334
accuracy_std,0.06465721
test_list,"[array([16.5, 15.5, 29.5, 12.5, 34. , 21.5,  4. , 38.5, 30.5, 31.5, 22. ,       18. ,  6. ,  7.5, 27.5, 20.5], dtype=float32), array([17.5, 36. , 36.5, 38. ,  9.5,  2.5, 27. , 11. , 39.5, 15. , 17. ,       29. ,  4.5, 20. , 23.5, 19. ], dtype=float32), array([40. ,  8. , 32. , 35.5,  3.5,  3. , 16. , 18.5, 10.5, 12. , 23. ,       31. , 21. , 10. , 22.5], dtype=float32), array([11.5,  5. , 28.5,  8.5, 28. , 24.5,  6.5, 33. , 34.5, 25.5,  2. ,       13. , 14.5, 25. , 33.5], dtype=float32), array([ 7. , 37.5, 39. , 19.5, 13.5, 30. , 14. , 37. ,  5.5,  9. , 32.5,       26.5, 35. , 24. , 26. ], dtype=float32)]"
model_num,69
n1,45
lr,5.00E-05
bs,8
loss,[0.01695344 0.56456536 1.1373212  0.23006013 0.22261181]
loss_mean,0.4343024
loss_std,0.39291522
accuracy,[1.        0.75      0.8666667 0.8       0.6666667]
accuracy_mean,0.8166667
accuracy_std,0.11254628
test_list,"[array([16.5, 15.5, 29.5, 12.5, 34. , 21.5,  4. , 38.5, 30.5, 31.5, 22. ,       18. ,  6. ,  7.5, 27.5, 20.5], dtype=float32), array([17.5, 36. , 36.5, 38. ,  9.5,  2.5, 27. , 11. , 39.5, 15. , 17. ,       29. ,  4.5, 20. , 23.5, 19. ], dtype=float32), array([40. ,  8. , 32. , 35.5,  3.5,  3. , 16. , 18.5, 10.5, 12. , 23. ,       31. , 21. , 10. , 22.5], dtype=float32), array([11.5,  5. , 28.5,  8.5, 28. , 24.5,  6.5, 33. , 34.5, 25.5,  2. ,       13. , 14.5, 25. , 33.5], dtype=float32), array([ 7. , 37.5, 39. , 19.5, 13.5, 30. , 14. , 37. ,  5.5,  9. , 32.5,       26.5, 35. , 24. , 26. ], dtype=float32)]"
model_num,70
n1,45
lr,1.00E-05
bs,4
loss,[2.6616302 8.101053  7.258469  7.418785  8.934125 ]
loss_mean,6.874812
loss_std,2.1880786
accuracy,[0.4375     0.375      0.4        0.06666667 0.26666668]
accuracy_mean,0.30916667
accuracy_std,0.13391541
test_list,"[array([16.5, 15.5, 29.5, 12.5, 34. , 21.5,  4. , 38.5, 30.5, 31.5, 22. ,       18. ,  6. ,  7.5, 27.5, 20.5], dtype=float32), array([17.5, 36. , 36.5, 38. ,  9.5,  2.5, 27. , 11. , 39.5, 15. , 17. ,       29. ,  4.5, 20. , 23.5, 19. ], dtype=float32), array([40. ,  8. , 32. , 35.5,  3.5,  3. , 16. , 18.5, 10.5, 12. , 23. ,       31. , 21. , 10. , 22.5], dtype=float32), array([11.5,  5. , 28.5,  8.5, 28. , 24.5,  6.5, 33. , 34.5, 25.5,  2. ,       13. , 14.5, 25. , 33.5], dtype=float32), array([ 7. , 37.5, 39. , 19.5, 13.5, 30. , 14. , 37. ,  5.5,  9. , 32.5,       26.5, 35. , 24. , 26. ], dtype=float32)]"
model_num,71
n1,45
lr,1.00E-05
bs,6
loss,[10.219781 21.547613 21.047112 13.01378  25.077019]
loss_mean,18.18106
loss_std,5.6068697
accuracy,[0.1875     0.1875     0.06666667 0.06666667 0.06666667]
accuracy_mean,0.114999995
accuracy_std,0.059196
test_list,"[array([16.5, 15.5, 29.5, 12.5, 34. , 21.5,  4. , 38.5, 30.5, 31.5, 22. ,       18. ,  6. ,  7.5, 27.5, 20.5], dtype=float32), array([17.5, 36. , 36.5, 38. ,  9.5,  2.5, 27. , 11. , 39.5, 15. , 17. ,       29. ,  4.5, 20. , 23.5, 19. ], dtype=float32), array([40. ,  8. , 32. , 35.5,  3.5,  3. , 16. , 18.5, 10.5, 12. , 23. ,       31. , 21. , 10. , 22.5], dtype=float32), array([11.5,  5. , 28.5,  8.5, 28. , 24.5,  6.5, 33. , 34.5, 25.5,  2. ,       13. , 14.5, 25. , 33.5], dtype=float32), array([ 7. , 37.5, 39. , 19.5, 13.5, 30. , 14. , 37. ,  5.5,  9. , 32.5,       26.5, 35. , 24. , 26. ], dtype=float32)]"
model_num,72
n1,45
lr,1.00E-05
bs,8
loss,[17.953716 47.15698  36.483337 13.066345 45.923084]
loss_mean,32.11669
loss_std,14.137892
accuracy,[0.         0.         0.06666667 0.         0.13333334]
accuracy_mean,0.040000003
accuracy_std,0.053333335
test_list,"[array([16.5, 15.5, 29.5, 12.5, 34. , 21.5,  4. , 38.5, 30.5, 31.5, 22. ,       18. ,  6. ,  7.5, 27.5, 20.5], dtype=float32), array([17.5, 36. , 36.5, 38. ,  9.5,  2.5, 27. , 11. , 39.5, 15. , 17. ,       29. ,  4.5, 20. , 23.5, 19. ], dtype=float32), array([40. ,  8. , 32. , 35.5,  3.5,  3. , 16. , 18.5, 10.5, 12. , 23. ,       31. , 21. , 10. , 22.5], dtype=float32), array([11.5,  5. , 28.5,  8.5, 28. , 24.5,  6.5, 33. , 34.5, 25.5,  2. ,       13. , 14.5, 25. , 33.5], dtype=float32), array([ 7. , 37.5, 39. , 19.5, 13.5, 30. , 14. , 37. ,  5.5,  9. , 32.5,       26.5, 35. , 24. , 26. ], dtype=float32)]"
model_num,73
n1,50
lr,0.0001
bs,4
loss,[0.00180478 0.00420966 0.03165464 0.00365876 0.01707444]
loss_mean,0.011680457
loss_std,0.01136444
accuracy,[1.         1.         0.93333334 1.         1.        ]
accuracy_mean,0.9866667
accuracy_std,0.026666665
test_list,"[array([16.5, 15.5, 29.5, 12.5, 34. , 21.5,  4. , 38.5, 30.5, 31.5, 22. ,       18. ,  6. ,  7.5, 27.5, 20.5], dtype=float32), array([17.5, 36. , 36.5, 38. ,  9.5,  2.5, 27. , 11. , 39.5, 15. , 17. ,       29. ,  4.5, 20. , 23.5, 19. ], dtype=float32), array([40. ,  8. , 32. , 35.5,  3.5,  3. , 16. , 18.5, 10.5, 12. , 23. ,       31. , 21. , 10. , 22.5], dtype=float32), array([11.5,  5. , 28.5,  8.5, 28. , 24.5,  6.5, 33. , 34.5, 25.5,  2. ,       13. , 14.5, 25. , 33.5], dtype=float32), array([ 7. , 37.5, 39. , 19.5, 13.5, 30. , 14. , 37. ,  5.5,  9. , 32.5,       26.5, 35. , 24. , 26. ], dtype=float32)]"
model_num,74
n1,50
lr,0.0001
bs,6
loss,[0.0061034  0.0576905  0.08130567 0.00852243 0.01802221]
loss_mean,0.03432884
loss_std,0.029937075
accuracy,[1.         0.875      0.93333334 1.         1.        ]
accuracy_mean,0.9616667
accuracy_std,0.050442487
test_list,"[array([16.5, 15.5, 29.5, 12.5, 34. , 21.5,  4. , 38.5, 30.5, 31.5, 22. ,       18. ,  6. ,  7.5, 27.5, 20.5], dtype=float32), array([17.5, 36. , 36.5, 38. ,  9.5,  2.5, 27. , 11. , 39.5, 15. , 17. ,       29. ,  4.5, 20. , 23.5, 19. ], dtype=float32), array([40. ,  8. , 32. , 35.5,  3.5,  3. , 16. , 18.5, 10.5, 12. , 23. ,       31. , 21. , 10. , 22.5], dtype=float32), array([11.5,  5. , 28.5,  8.5, 28. , 24.5,  6.5, 33. , 34.5, 25.5,  2. ,       13. , 14.5, 25. , 33.5], dtype=float32), array([ 7. , 37.5, 39. , 19.5, 13.5, 30. , 14. , 37. ,  5.5,  9. , 32.5,       26.5, 35. , 24. , 26. ], dtype=float32)]"
model_num,75
n1,50
lr,0.0001
bs,8
loss,[0.00450732 0.07451415 0.25142714 0.01899978 0.0490789 ]
loss_mean,0.07970546
loss_std,0.089211226
accuracy,[1.         0.8125     0.93333334 1.         0.8666667 ]
accuracy_mean,0.9225
accuracy_std,0.07395569
test_list,"[array([16.5, 15.5, 29.5, 12.5, 34. , 21.5,  4. , 38.5, 30.5, 31.5, 22. ,       18. ,  6. ,  7.5, 27.5, 20.5], dtype=float32), array([17.5, 36. , 36.5, 38. ,  9.5,  2.5, 27. , 11. , 39.5, 15. , 17. ,       29. ,  4.5, 20. , 23.5, 19. ], dtype=float32), array([40. ,  8. , 32. , 35.5,  3.5,  3. , 16. , 18.5, 10.5, 12. , 23. ,       31. , 21. , 10. , 22.5], dtype=float32), array([11.5,  5. , 28.5,  8.5, 28. , 24.5,  6.5, 33. , 34.5, 25.5,  2. ,       13. , 14.5, 25. , 33.5], dtype=float32), array([ 7. , 37.5, 39. , 19.5, 13.5, 30. , 14. , 37. ,  5.5,  9. , 32.5,       26.5, 35. , 24. , 26. ], dtype=float32)]"
model_num,76
n1,50
lr,0.0005
bs,4
loss,[0.00072794 0.00090345 0.00465237 0.0015827  0.001209  ]
loss_mean,0.001815093
loss_std,0.001448064
accuracy,[1. 1. 1. 1. 1.]
accuracy_mean,1
accuracy_std,0
test_list,"[array([16.5, 15.5, 29.5, 12.5, 34. , 21.5,  4. , 38.5, 30.5, 31.5, 22. ,       18. ,  6. ,  7.5, 27.5, 20.5], dtype=float32), array([17.5, 36. , 36.5, 38. ,  9.5,  2.5, 27. , 11. , 39.5, 15. , 17. ,       29. ,  4.5, 20. , 23.5, 19. ], dtype=float32), array([40. ,  8. , 32. , 35.5,  3.5,  3. , 16. , 18.5, 10.5, 12. , 23. ,       31. , 21. , 10. , 22.5], dtype=float32), array([11.5,  5. , 28.5,  8.5, 28. , 24.5,  6.5, 33. , 34.5, 25.5,  2. ,       13. , 14.5, 25. , 33.5], dtype=float32), array([ 7. , 37.5, 39. , 19.5, 13.5, 30. , 14. , 37. ,  5.5,  9. , 32.5,       26.5, 35. , 24. , 26. ], dtype=float32)]"
model_num,77
n1,50
lr,0.0005
bs,6
loss,[0.00043664 0.00163639 0.00827555 0.00082044 0.00079695]
loss_mean,0.002393193
loss_std,0.002967305
accuracy,[1. 1. 1. 1. 1.]
accuracy_mean,1
accuracy_std,0
test_list,"[array([16.5, 15.5, 29.5, 12.5, 34. , 21.5,  4. , 38.5, 30.5, 31.5, 22. ,       18. ,  6. ,  7.5, 27.5, 20.5], dtype=float32), array([17.5, 36. , 36.5, 38. ,  9.5,  2.5, 27. , 11. , 39.5, 15. , 17. ,       29. ,  4.5, 20. , 23.5, 19. ], dtype=float32), array([40. ,  8. , 32. , 35.5,  3.5,  3. , 16. , 18.5, 10.5, 12. , 23. ,       31. , 21. , 10. , 22.5], dtype=float32), array([11.5,  5. , 28.5,  8.5, 28. , 24.5,  6.5, 33. , 34.5, 25.5,  2. ,       13. , 14.5, 25. , 33.5], dtype=float32), array([ 7. , 37.5, 39. , 19.5, 13.5, 30. , 14. , 37. ,  5.5,  9. , 32.5,       26.5, 35. , 24. , 26. ], dtype=float32)]"
model_num,78
n1,50
lr,0.0005
bs,8
loss,[0.00041267 0.00592212 0.01524926 0.00355503 0.00277027]
loss_mean,0.00558187
loss_std,0.005144083
accuracy,[1. 1. 1. 1. 1.]
accuracy_mean,1
accuracy_std,0
test_list,"[array([16.5, 15.5, 29.5, 12.5, 34. , 21.5,  4. , 38.5, 30.5, 31.5, 22. ,       18. ,  6. ,  7.5, 27.5, 20.5], dtype=float32), array([17.5, 36. , 36.5, 38. ,  9.5,  2.5, 27. , 11. , 39.5, 15. , 17. ,       29. ,  4.5, 20. , 23.5, 19. ], dtype=float32), array([40. ,  8. , 32. , 35.5,  3.5,  3. , 16. , 18.5, 10.5, 12. , 23. ,       31. , 21. , 10. , 22.5], dtype=float32), array([11.5,  5. , 28.5,  8.5, 28. , 24.5,  6.5, 33. , 34.5, 25.5,  2. ,       13. , 14.5, 25. , 33.5], dtype=float32), array([ 7. , 37.5, 39. , 19.5, 13.5, 30. , 14. , 37. ,  5.5,  9. , 32.5,       26.5, 35. , 24. , 26. ], dtype=float32)]"
model_num,79
n1,50
lr,5.00E-05
bs,4
loss,[0.00776604 0.03153596 0.07214625 0.00365787 0.02365312]
loss_mean,0.027751844
loss_std,0.024421034
accuracy,[1.         1.         0.93333334 1.         1.        ]
accuracy_mean,0.9866667
accuracy_std,0.026666665
test_list,"[array([16.5, 15.5, 29.5, 12.5, 34. , 21.5,  4. , 38.5, 30.5, 31.5, 22. ,       18. ,  6. ,  7.5, 27.5, 20.5], dtype=float32), array([17.5, 36. , 36.5, 38. ,  9.5,  2.5, 27. , 11. , 39.5, 15. , 17. ,       29. ,  4.5, 20. , 23.5, 19. ], dtype=float32), array([40. ,  8. , 32. , 35.5,  3.5,  3. , 16. , 18.5, 10.5, 12. , 23. ,       31. , 21. , 10. , 22.5], dtype=float32), array([11.5,  5. , 28.5,  8.5, 28. , 24.5,  6.5, 33. , 34.5, 25.5,  2. ,       13. , 14.5, 25. , 33.5], dtype=float32), array([ 7. , 37.5, 39. , 19.5, 13.5, 30. , 14. , 37. ,  5.5,  9. , 32.5,       26.5, 35. , 24. , 26. ], dtype=float32)]"
model_num,80
n1,50
lr,5.00E-05
bs,6
loss,[0.00820415 0.23286825 0.5353018  0.01432474 0.19122015]
loss_mean,0.19638382
loss_std,0.19223957
accuracy,[1.         0.75       0.8666667  1.         0.73333335]
accuracy_mean,0.87000006
accuracy_std,0.11566234
test_list,"[array([16.5, 15.5, 29.5, 12.5, 34. , 21.5,  4. , 38.5, 30.5, 31.5, 22. ,       18. ,  6. ,  7.5, 27.5, 20.5], dtype=float32), array([17.5, 36. , 36.5, 38. ,  9.5,  2.5, 27. , 11. , 39.5, 15. , 17. ,       29. ,  4.5, 20. , 23.5, 19. ], dtype=float32), array([40. ,  8. , 32. , 35.5,  3.5,  3. , 16. , 18.5, 10.5, 12. , 23. ,       31. , 21. , 10. , 22.5], dtype=float32), array([11.5,  5. , 28.5,  8.5, 28. , 24.5,  6.5, 33. , 34.5, 25.5,  2. ,       13. , 14.5, 25. , 33.5], dtype=float32), array([ 7. , 37.5, 39. , 19.5, 13.5, 30. , 14. , 37. ,  5.5,  9. , 32.5,       26.5, 35. , 24. , 26. ], dtype=float32)]"
model_num,81
n1,50
lr,5.00E-05
bs,8
loss,[0.0130461  0.53620976 0.88233167 0.13245039 0.24995394]
loss_mean,0.36279836
loss_std,0.31244427
accuracy,[1.         0.75       0.73333335 0.8666667  0.6666667 ]
accuracy_mean,0.8033333
accuracy_std,0.11756794
test_list,"[array([16.5, 15.5, 29.5, 12.5, 34. , 21.5,  4. , 38.5, 30.5, 31.5, 22. ,       18. ,  6. ,  7.5, 27.5, 20.5], dtype=float32), array([17.5, 36. , 36.5, 38. ,  9.5,  2.5, 27. , 11. , 39.5, 15. , 17. ,       29. ,  4.5, 20. , 23.5, 19. ], dtype=float32), array([40. ,  8. , 32. , 35.5,  3.5,  3. , 16. , 18.5, 10.5, 12. , 23. ,       31. , 21. , 10. , 22.5], dtype=float32), array([11.5,  5. , 28.5,  8.5, 28. , 24.5,  6.5, 33. , 34.5, 25.5,  2. ,       13. , 14.5, 25. , 33.5], dtype=float32), array([ 7. , 37.5, 39. , 19.5, 13.5, 30. , 14. , 37. ,  5.5,  9. , 32.5,       26.5, 35. , 24. , 26. ], dtype=float32)]"
model_num,82
n1,50
lr,1.00E-05
bs,4
loss,[ 3.7979224 11.242573  13.735098   7.1868753  7.0371165]
loss_mean,8.599916
loss_std,3.4886072
accuracy,[0.25       0.375      0.2        0.         0.26666668]
accuracy_mean,0.21833333
accuracy_std,0.12319812
test_list,"[array([16.5, 15.5, 29.5, 12.5, 34. , 21.5,  4. , 38.5, 30.5, 31.5, 22. ,       18. ,  6. ,  7.5, 27.5, 20.5], dtype=float32), array([17.5, 36. , 36.5, 38. ,  9.5,  2.5, 27. , 11. , 39.5, 15. , 17. ,       29. ,  4.5, 20. , 23.5, 19. ], dtype=float32), array([40. ,  8. , 32. , 35.5,  3.5,  3. , 16. , 18.5, 10.5, 12. , 23. ,       31. , 21. , 10. , 22.5], dtype=float32), array([11.5,  5. , 28.5,  8.5, 28. , 24.5,  6.5, 33. , 34.5, 25.5,  2. ,       13. , 14.5, 25. , 33.5], dtype=float32), array([ 7. , 37.5, 39. , 19.5, 13.5, 30. , 14. , 37. ,  5.5,  9. , 32.5,       26.5, 35. , 24. , 26. ], dtype=float32)]"
model_num,83
n1,50
lr,1.00E-05
bs,6
loss,[ 6.1361575 21.34048   21.051146  11.853916  23.074055 ]
loss_mean,16.69115
loss_std,6.575317
accuracy,[0.1875     0.125      0.06666667 0.06666667 0.        ]
accuracy_mean,0.08916666
accuracy_std,0.06311366
test_list,"[array([16.5, 15.5, 29.5, 12.5, 34. , 21.5,  4. , 38.5, 30.5, 31.5, 22. ,       18. ,  6. ,  7.5, 27.5, 20.5], dtype=float32), array([17.5, 36. , 36.5, 38. ,  9.5,  2.5, 27. , 11. , 39.5, 15. , 17. ,       29. ,  4.5, 20. , 23.5, 19. ], dtype=float32), array([40. ,  8. , 32. , 35.5,  3.5,  3. , 16. , 18.5, 10.5, 12. , 23. ,       31. , 21. , 10. , 22.5], dtype=float32), array([11.5,  5. , 28.5,  8.5, 28. , 24.5,  6.5, 33. , 34.5, 25.5,  2. ,       13. , 14.5, 25. , 33.5], dtype=float32), array([ 7. , 37.5, 39. , 19.5, 13.5, 30. , 14. , 37. ,  5.5,  9. , 32.5,       26.5, 35. , 24. , 26. ], dtype=float32)]"
model_num,84
n1,50
lr,1.00E-05
bs,8
loss,[15.312658 43.279938 37.519875 13.312191 35.950363]
loss_mean,29.075006
loss_std,12.314504
accuracy,[0.         0.         0.06666667 0.06666667 0.06666667]
accuracy_mean,0.040000003
accuracy_std,0.032659866
test_list,"[array([16.5, 15.5, 29.5, 12.5, 34. , 21.5,  4. , 38.5, 30.5, 31.5, 22. ,       18. ,  6. ,  7.5, 27.5, 20.5], dtype=float32), array([17.5, 36. , 36.5, 38. ,  9.5,  2.5, 27. , 11. , 39.5, 15. , 17. ,       29. ,  4.5, 20. , 23.5, 19. ], dtype=float32), array([40. ,  8. , 32. , 35.5,  3.5,  3. , 16. , 18.5, 10.5, 12. , 23. ,       31. , 21. , 10. , 22.5], dtype=float32), array([11.5,  5. , 28.5,  8.5, 28. , 24.5,  6.5, 33. , 34.5, 25.5,  2. ,       13. , 14.5, 25. , 33.5], dtype=float32), array([ 7. , 37.5, 39. , 19.5, 13.5, 30. , 14. , 37. ,  5.5,  9. , 32.5,       26.5, 35. , 24. , 26. ], dtype=float32)]"
model_num,85
n1,55
lr,0.0001
bs,4
loss,[0.00247099 0.00534386 0.02172035 0.00400449 0.00315263]
loss_mean,0.007338466
loss_std,0.007254598
accuracy,[1.         1.         0.93333334 1.         1.        ]
accuracy_mean,0.9866667
accuracy_std,0.026666665
test_list,"[array([16.5, 15.5, 29.5, 12.5, 34. , 21.5,  4. , 38.5, 30.5, 31.5, 22. ,       18. ,  6. ,  7.5, 27.5, 20.5], dtype=float32), array([17.5, 36. , 36.5, 38. ,  9.5,  2.5, 27. , 11. , 39.5, 15. , 17. ,       29. ,  4.5, 20. , 23.5, 19. ], dtype=float32), array([40. ,  8. , 32. , 35.5,  3.5,  3. , 16. , 18.5, 10.5, 12. , 23. ,       31. , 21. , 10. , 22.5], dtype=float32), array([11.5,  5. , 28.5,  8.5, 28. , 24.5,  6.5, 33. , 34.5, 25.5,  2. ,       13. , 14.5, 25. , 33.5], dtype=float32), array([ 7. , 37.5, 39. , 19.5, 13.5, 30. , 14. , 37. ,  5.5,  9. , 32.5,       26.5, 35. , 24. , 26. ], dtype=float32)]"
model_num,86
n1,55
lr,0.0001
bs,6
loss,[0.01220094 0.04835837 0.07441693 0.00739552 0.00833982]
loss_mean,0.030142317
loss_std,0.026857864
accuracy,[1.         0.9375     0.93333334 1.         1.        ]
accuracy_mean,0.9741667
accuracy_std,0.031666663
test_list,"[array([16.5, 15.5, 29.5, 12.5, 34. , 21.5,  4. , 38.5, 30.5, 31.5, 22. ,       18. ,  6. ,  7.5, 27.5, 20.5], dtype=float32), array([17.5, 36. , 36.5, 38. ,  9.5,  2.5, 27. , 11. , 39.5, 15. , 17. ,       29. ,  4.5, 20. , 23.5, 19. ], dtype=float32), array([40. ,  8. , 32. , 35.5,  3.5,  3. , 16. , 18.5, 10.5, 12. , 23. ,       31. , 21. , 10. , 22.5], dtype=float32), array([11.5,  5. , 28.5,  8.5, 28. , 24.5,  6.5, 33. , 34.5, 25.5,  2. ,       13. , 14.5, 25. , 33.5], dtype=float32), array([ 7. , 37.5, 39. , 19.5, 13.5, 30. , 14. , 37. ,  5.5,  9. , 32.5,       26.5, 35. , 24. , 26. ], dtype=float32)]"
model_num,87
n1,55
lr,0.0001
bs,8
loss,[0.01776894 0.04904588 0.41699505 0.01005347 0.11905207]
loss_mean,0.12258308
loss_std,0.1521496
accuracy,[1.        0.9375    0.8666667 1.        0.8666667]
accuracy_mean,0.9341667
accuracy_std,0.059651762
test_list,"[array([16.5, 15.5, 29.5, 12.5, 34. , 21.5,  4. , 38.5, 30.5, 31.5, 22. ,       18. ,  6. ,  7.5, 27.5, 20.5], dtype=float32), array([17.5, 36. , 36.5, 38. ,  9.5,  2.5, 27. , 11. , 39.5, 15. , 17. ,       29. ,  4.5, 20. , 23.5, 19. ], dtype=float32), array([40. ,  8. , 32. , 35.5,  3.5,  3. , 16. , 18.5, 10.5, 12. , 23. ,       31. , 21. , 10. , 22.5], dtype=float32), array([11.5,  5. , 28.5,  8.5, 28. , 24.5,  6.5, 33. , 34.5, 25.5,  2. ,       13. , 14.5, 25. , 33.5], dtype=float32), array([ 7. , 37.5, 39. , 19.5, 13.5, 30. , 14. , 37. ,  5.5,  9. , 32.5,       26.5, 35. , 24. , 26. ], dtype=float32)]"
model_num,88
n1,55
lr,0.0005
bs,4
loss,[0.00101898 0.00101489 0.00456649 0.00344341 0.00239318]
loss_mean,0.002487391
loss_std,0.001383475
accuracy,[1. 1. 1. 1. 1.]
accuracy_mean,1
accuracy_std,0
test_list,"[array([16.5, 15.5, 29.5, 12.5, 34. , 21.5,  4. , 38.5, 30.5, 31.5, 22. ,       18. ,  6. ,  7.5, 27.5, 20.5], dtype=float32), array([17.5, 36. , 36.5, 38. ,  9.5,  2.5, 27. , 11. , 39.5, 15. , 17. ,       29. ,  4.5, 20. , 23.5, 19. ], dtype=float32), array([40. ,  8. , 32. , 35.5,  3.5,  3. , 16. , 18.5, 10.5, 12. , 23. ,       31. , 21. , 10. , 22.5], dtype=float32), array([11.5,  5. , 28.5,  8.5, 28. , 24.5,  6.5, 33. , 34.5, 25.5,  2. ,       13. , 14.5, 25. , 33.5], dtype=float32), array([ 7. , 37.5, 39. , 19.5, 13.5, 30. , 14. , 37. ,  5.5,  9. , 32.5,       26.5, 35. , 24. , 26. ], dtype=float32)]"
model_num,89
n1,55
lr,0.0005
bs,6
loss,[0.0006783  0.00513042 0.00892139 0.00035542 0.00158178]
loss_mean,0.003333462
loss_std,0.003269281
accuracy,[1. 1. 1. 1. 1.]
accuracy_mean,1
accuracy_std,0
test_list,"[array([16.5, 15.5, 29.5, 12.5, 34. , 21.5,  4. , 38.5, 30.5, 31.5, 22. ,       18. ,  6. ,  7.5, 27.5, 20.5], dtype=float32), array([17.5, 36. , 36.5, 38. ,  9.5,  2.5, 27. , 11. , 39.5, 15. , 17. ,       29. ,  4.5, 20. , 23.5, 19. ], dtype=float32), array([40. ,  8. , 32. , 35.5,  3.5,  3. , 16. , 18.5, 10.5, 12. , 23. ,       31. , 21. , 10. , 22.5], dtype=float32), array([11.5,  5. , 28.5,  8.5, 28. , 24.5,  6.5, 33. , 34.5, 25.5,  2. ,       13. , 14.5, 25. , 33.5], dtype=float32), array([ 7. , 37.5, 39. , 19.5, 13.5, 30. , 14. , 37. ,  5.5,  9. , 32.5,       26.5, 35. , 24. , 26. ], dtype=float32)]"
model_num,90
n1,55
lr,0.0005
bs,8
loss,[0.00020525 0.00121115 0.01826386 0.00193018 0.00283686]
loss_mean,0.00488946
loss_std,0.006742655
accuracy,[1.         1.         0.93333334 1.         1.        ]
accuracy_mean,0.9866667
accuracy_std,0.026666665
test_list,"[array([16.5, 15.5, 29.5, 12.5, 34. , 21.5,  4. , 38.5, 30.5, 31.5, 22. ,       18. ,  6. ,  7.5, 27.5, 20.5], dtype=float32), array([17.5, 36. , 36.5, 38. ,  9.5,  2.5, 27. , 11. , 39.5, 15. , 17. ,       29. ,  4.5, 20. , 23.5, 19. ], dtype=float32), array([40. ,  8. , 32. , 35.5,  3.5,  3. , 16. , 18.5, 10.5, 12. , 23. ,       31. , 21. , 10. , 22.5], dtype=float32), array([11.5,  5. , 28.5,  8.5, 28. , 24.5,  6.5, 33. , 34.5, 25.5,  2. ,       13. , 14.5, 25. , 33.5], dtype=float32), array([ 7. , 37.5, 39. , 19.5, 13.5, 30. , 14. , 37. ,  5.5,  9. , 32.5,       26.5, 35. , 24. , 26. ], dtype=float32)]"
model_num,91
n1,55
lr,5.00E-05
bs,4
loss,[0.0104849  0.02610113 0.09882618 0.00927001 0.01351485]
loss_mean,0.03163942
loss_std,0.03412078
accuracy,[1.         1.         0.93333334 1.         1.        ]
accuracy_mean,0.9866667
accuracy_std,0.026666665
test_list,"[array([16.5, 15.5, 29.5, 12.5, 34. , 21.5,  4. , 38.5, 30.5, 31.5, 22. ,       18. ,  6. ,  7.5, 27.5, 20.5], dtype=float32), array([17.5, 36. , 36.5, 38. ,  9.5,  2.5, 27. , 11. , 39.5, 15. , 17. ,       29. ,  4.5, 20. , 23.5, 19. ], dtype=float32), array([40. ,  8. , 32. , 35.5,  3.5,  3. , 16. , 18.5, 10.5, 12. , 23. ,       31. , 21. , 10. , 22.5], dtype=float32), array([11.5,  5. , 28.5,  8.5, 28. , 24.5,  6.5, 33. , 34.5, 25.5,  2. ,       13. , 14.5, 25. , 33.5], dtype=float32), array([ 7. , 37.5, 39. , 19.5, 13.5, 30. , 14. , 37. ,  5.5,  9. , 32.5,       26.5, 35. , 24. , 26. ], dtype=float32)]"
model_num,92
n1,55
lr,5.00E-05
bs,6
loss,[0.01366177 0.08951245 0.54856956 0.03616153 0.06598542]
loss_mean,0.15077814
loss_std,0.2005588
accuracy,[1.         0.875      0.8666667  0.93333334 0.8666667 ]
accuracy_mean,0.9083334
accuracy_std,0.052174915
test_list,"[array([16.5, 15.5, 29.5, 12.5, 34. , 21.5,  4. , 38.5, 30.5, 31.5, 22. ,       18. ,  6. ,  7.5, 27.5, 20.5], dtype=float32), array([17.5, 36. , 36.5, 38. ,  9.5,  2.5, 27. , 11. , 39.5, 15. , 17. ,       29. ,  4.5, 20. , 23.5, 19. ], dtype=float32), array([40. ,  8. , 32. , 35.5,  3.5,  3. , 16. , 18.5, 10.5, 12. , 23. ,       31. , 21. , 10. , 22.5], dtype=float32), array([11.5,  5. , 28.5,  8.5, 28. , 24.5,  6.5, 33. , 34.5, 25.5,  2. ,       13. , 14.5, 25. , 33.5], dtype=float32), array([ 7. , 37.5, 39. , 19.5, 13.5, 30. , 14. , 37. ,  5.5,  9. , 32.5,       26.5, 35. , 24. , 26. ], dtype=float32)]"
model_num,93
n1,55
lr,5.00E-05
bs,8
loss,[0.01955627 0.30611545 0.6145767  0.0077406  0.41358605]
loss_mean,0.27231503
loss_std,0.23329367
accuracy,[1.        0.75      0.8666667 1.        0.6      ]
accuracy_mean,0.84333336
accuracy_std,0.15333332
test_list,"[array([16.5, 15.5, 29.5, 12.5, 34. , 21.5,  4. , 38.5, 30.5, 31.5, 22. ,       18. ,  6. ,  7.5, 27.5, 20.5], dtype=float32), array([17.5, 36. , 36.5, 38. ,  9.5,  2.5, 27. , 11. , 39.5, 15. , 17. ,       29. ,  4.5, 20. , 23.5, 19. ], dtype=float32), array([40. ,  8. , 32. , 35.5,  3.5,  3. , 16. , 18.5, 10.5, 12. , 23. ,       31. , 21. , 10. , 22.5], dtype=float32), array([11.5,  5. , 28.5,  8.5, 28. , 24.5,  6.5, 33. , 34.5, 25.5,  2. ,       13. , 14.5, 25. , 33.5], dtype=float32), array([ 7. , 37.5, 39. , 19.5, 13.5, 30. , 14. , 37. ,  5.5,  9. , 32.5,       26.5, 35. , 24. , 26. ], dtype=float32)]"
model_num,94
n1,55
lr,1.00E-05
bs,4
loss,[ 1.7511588  6.2884536 11.641325   2.202772   3.947696 ]
loss_mean,5.1662817
loss_std,3.6087632
accuracy,[0.375      0.5        0.4        0.33333334 0.4       ]
accuracy_mean,0.4016667
accuracy_std,0.05487359
test_list,"[array([16.5, 15.5, 29.5, 12.5, 34. , 21.5,  4. , 38.5, 30.5, 31.5, 22. ,       18. ,  6. ,  7.5, 27.5, 20.5], dtype=float32), array([17.5, 36. , 36.5, 38. ,  9.5,  2.5, 27. , 11. , 39.5, 15. , 17. ,       29. ,  4.5, 20. , 23.5, 19. ], dtype=float32), array([40. ,  8. , 32. , 35.5,  3.5,  3. , 16. , 18.5, 10.5, 12. , 23. ,       31. , 21. , 10. , 22.5], dtype=float32), array([11.5,  5. , 28.5,  8.5, 28. , 24.5,  6.5, 33. , 34.5, 25.5,  2. ,       13. , 14.5, 25. , 33.5], dtype=float32), array([ 7. , 37.5, 39. , 19.5, 13.5, 30. , 14. , 37. ,  5.5,  9. , 32.5,       26.5, 35. , 24. , 26. ], dtype=float32)]"
model_num,95
n1,55
lr,1.00E-05
bs,6
loss,[ 5.48726   18.307732  20.640932   4.2203436 23.236519 ]
loss_mean,14.378557
loss_std,7.941835
accuracy,[0.25       0.125      0.06666667 0.         0.        ]
accuracy_mean,0.08833333
accuracy_std,0.093333334
test_list,"[array([16.5, 15.5, 29.5, 12.5, 34. , 21.5,  4. , 38.5, 30.5, 31.5, 22. ,       18. ,  6. ,  7.5, 27.5, 20.5], dtype=float32), array([17.5, 36. , 36.5, 38. ,  9.5,  2.5, 27. , 11. , 39.5, 15. , 17. ,       29. ,  4.5, 20. , 23.5, 19. ], dtype=float32), array([40. ,  8. , 32. , 35.5,  3.5,  3. , 16. , 18.5, 10.5, 12. , 23. ,       31. , 21. , 10. , 22.5], dtype=float32), array([11.5,  5. , 28.5,  8.5, 28. , 24.5,  6.5, 33. , 34.5, 25.5,  2. ,       13. , 14.5, 25. , 33.5], dtype=float32), array([ 7. , 37.5, 39. , 19.5, 13.5, 30. , 14. , 37. ,  5.5,  9. , 32.5,       26.5, 35. , 24. , 26. ], dtype=float32)]"
model_num,96
n1,55
lr,1.00E-05
bs,8
loss,[16.17879  38.257523 36.45942  12.548352 45.51942 ]
loss_mean,29.7927
loss_std,13.008721
accuracy,[0.0625     0.         0.06666667 0.13333334 0.13333334]
accuracy_mean,0.079166666
accuracy_std,0.050138697
test_list,"[array([16.5, 15.5, 29.5, 12.5, 34. , 21.5,  4. , 38.5, 30.5, 31.5, 22. ,       18. ,  6. ,  7.5, 27.5, 20.5], dtype=float32), array([17.5, 36. , 36.5, 38. ,  9.5,  2.5, 27. , 11. , 39.5, 15. , 17. ,       29. ,  4.5, 20. , 23.5, 19. ], dtype=float32), array([40. ,  8. , 32. , 35.5,  3.5,  3. , 16. , 18.5, 10.5, 12. , 23. ,       31. , 21. , 10. , 22.5], dtype=float32), array([11.5,  5. , 28.5,  8.5, 28. , 24.5,  6.5, 33. , 34.5, 25.5,  2. ,       13. , 14.5, 25. , 33.5], dtype=float32), array([ 7. , 37.5, 39. , 19.5, 13.5, 30. , 14. , 37. ,  5.5,  9. , 32.5,       26.5, 35. , 24. , 26. ], dtype=float32)]"
model_num,97
n1,60
lr,0.0001
bs,4
loss,[0.0022054  0.00124635 0.02834512 0.00078793 0.00322668]
loss_mean,0.007162294
loss_std,0.010624525
accuracy,[1.         1.         0.93333334 1.         1.        ]
accuracy_mean,0.9866667
accuracy_std,0.026666665
test_list,"[array([16.5, 15.5, 29.5, 12.5, 34. , 21.5,  4. , 38.5, 30.5, 31.5, 22. ,       18. ,  6. ,  7.5, 27.5, 20.5], dtype=float32), array([17.5, 36. , 36.5, 38. ,  9.5,  2.5, 27. , 11. , 39.5, 15. , 17. ,       29. ,  4.5, 20. , 23.5, 19. ], dtype=float32), array([40. ,  8. , 32. , 35.5,  3.5,  3. , 16. , 18.5, 10.5, 12. , 23. ,       31. , 21. , 10. , 22.5], dtype=float32), array([11.5,  5. , 28.5,  8.5, 28. , 24.5,  6.5, 33. , 34.5, 25.5,  2. ,       13. , 14.5, 25. , 33.5], dtype=float32), array([ 7. , 37.5, 39. , 19.5, 13.5, 30. , 14. , 37. ,  5.5,  9. , 32.5,       26.5, 35. , 24. , 26. ], dtype=float32)]"
model_num,98
n1,60
lr,0.0001
bs,6
loss,[0.00539417 0.00816743 0.05511326 0.00443524 0.00465015]
loss_mean,0.015552049
loss_std,0.019825434
accuracy,[1.         1.         0.93333334 1.         1.        ]
accuracy_mean,0.9866667
accuracy_std,0.026666665
test_list,"[array([16.5, 15.5, 29.5, 12.5, 34. , 21.5,  4. , 38.5, 30.5, 31.5, 22. ,       18. ,  6. ,  7.5, 27.5, 20.5], dtype=float32), array([17.5, 36. , 36.5, 38. ,  9.5,  2.5, 27. , 11. , 39.5, 15. , 17. ,       29. ,  4.5, 20. , 23.5, 19. ], dtype=float32), array([40. ,  8. , 32. , 35.5,  3.5,  3. , 16. , 18.5, 10.5, 12. , 23. ,       31. , 21. , 10. , 22.5], dtype=float32), array([11.5,  5. , 28.5,  8.5, 28. , 24.5,  6.5, 33. , 34.5, 25.5,  2. ,       13. , 14.5, 25. , 33.5], dtype=float32), array([ 7. , 37.5, 39. , 19.5, 13.5, 30. , 14. , 37. ,  5.5,  9. , 32.5,       26.5, 35. , 24. , 26. ], dtype=float32)]"
model_num,99
n1,60
lr,0.0001
bs,8
loss,[0.00699561 0.01131022 0.37800434 0.02690109 0.0540875 ]
loss_mean,0.09545976
loss_std,0.14223252
accuracy,[1.         1.         0.93333334 0.93333334 0.8666667 ]
accuracy_mean,0.9466667
accuracy_std,0.049888764
test_list,"[array([16.5, 15.5, 29.5, 12.5, 34. , 21.5,  4. , 38.5, 30.5, 31.5, 22. ,       18. ,  6. ,  7.5, 27.5, 20.5], dtype=float32), array([17.5, 36. , 36.5, 38. ,  9.5,  2.5, 27. , 11. , 39.5, 15. , 17. ,       29. ,  4.5, 20. , 23.5, 19. ], dtype=float32), array([40. ,  8. , 32. , 35.5,  3.5,  3. , 16. , 18.5, 10.5, 12. , 23. ,       31. , 21. , 10. , 22.5], dtype=float32), array([11.5,  5. , 28.5,  8.5, 28. , 24.5,  6.5, 33. , 34.5, 25.5,  2. ,       13. , 14.5, 25. , 33.5], dtype=float32), array([ 7. , 37.5, 39. , 19.5, 13.5, 30. , 14. , 37. ,  5.5,  9. , 32.5,       26.5, 35. , 24. , 26. ], dtype=float32)]"
model_num,100
n1,60
lr,0.0005
bs,4
loss,[0.00049143 0.00075376 0.00391879 0.00189097 0.00203373]
loss_mean,0.001817738
loss_std,0.001213059
accuracy,[1. 1. 1. 1. 1.]
accuracy_mean,1
accuracy_std,0
test_list,"[array([16.5, 15.5, 29.5, 12.5, 34. , 21.5,  4. , 38.5, 30.5, 31.5, 22. ,       18. ,  6. ,  7.5, 27.5, 20.5], dtype=float32), array([17.5, 36. , 36.5, 38. ,  9.5,  2.5, 27. , 11. , 39.5, 15. , 17. ,       29. ,  4.5, 20. , 23.5, 19. ], dtype=float32), array([40. ,  8. , 32. , 35.5,  3.5,  3. , 16. , 18.5, 10.5, 12. , 23. ,       31. , 21. , 10. , 22.5], dtype=float32), array([11.5,  5. , 28.5,  8.5, 28. , 24.5,  6.5, 33. , 34.5, 25.5,  2. ,       13. , 14.5, 25. , 33.5], dtype=float32), array([ 7. , 37.5, 39. , 19.5, 13.5, 30. , 14. , 37. ,  5.5,  9. , 32.5,       26.5, 35. , 24. , 26. ], dtype=float32)]"
model_num,101
n1,60
lr,0.0005
bs,6
loss,[0.00017995 0.00061654 0.00739832 0.00064937 0.00116516]
loss_mean,0.002001869
loss_std,0.002716232
accuracy,[1. 1. 1. 1. 1.]
accuracy_mean,1
accuracy_std,0
test_list,"[array([16.5, 15.5, 29.5, 12.5, 34. , 21.5,  4. , 38.5, 30.5, 31.5, 22. ,       18. ,  6. ,  7.5, 27.5, 20.5], dtype=float32), array([17.5, 36. , 36.5, 38. ,  9.5,  2.5, 27. , 11. , 39.5, 15. , 17. ,       29. ,  4.5, 20. , 23.5, 19. ], dtype=float32), array([40. ,  8. , 32. , 35.5,  3.5,  3. , 16. , 18.5, 10.5, 12. , 23. ,       31. , 21. , 10. , 22.5], dtype=float32), array([11.5,  5. , 28.5,  8.5, 28. , 24.5,  6.5, 33. , 34.5, 25.5,  2. ,       13. , 14.5, 25. , 33.5], dtype=float32), array([ 7. , 37.5, 39. , 19.5, 13.5, 30. , 14. , 37. ,  5.5,  9. , 32.5,       26.5, 35. , 24. , 26. ], dtype=float32)]"
model_num,102
n1,60
lr,0.0005
bs,8
loss,[0.00023722 0.00052096 0.01757213 0.00761042 0.00148296]
loss_mean,0.005484736
loss_std,0.006615336
accuracy,[1. 1. 1. 1. 1.]
accuracy_mean,1
accuracy_std,0
test_list,"[array([16.5, 15.5, 29.5, 12.5, 34. , 21.5,  4. , 38.5, 30.5, 31.5, 22. ,       18. ,  6. ,  7.5, 27.5, 20.5], dtype=float32), array([17.5, 36. , 36.5, 38. ,  9.5,  2.5, 27. , 11. , 39.5, 15. , 17. ,       29. ,  4.5, 20. , 23.5, 19. ], dtype=float32), array([40. ,  8. , 32. , 35.5,  3.5,  3. , 16. , 18.5, 10.5, 12. , 23. ,       31. , 21. , 10. , 22.5], dtype=float32), array([11.5,  5. , 28.5,  8.5, 28. , 24.5,  6.5, 33. , 34.5, 25.5,  2. ,       13. , 14.5, 25. , 33.5], dtype=float32), array([ 7. , 37.5, 39. , 19.5, 13.5, 30. , 14. , 37. ,  5.5,  9. , 32.5,       26.5, 35. , 24. , 26. ], dtype=float32)]"
model_num,103
n1,60
lr,5.00E-05
bs,4
loss,[0.01645367 0.01921801 0.07628916 0.00089608 0.01691801]
loss_mean,0.025954986
loss_std,0.025995411
accuracy,[1.         1.         0.93333334 1.         1.        ]
accuracy_mean,0.9866667
accuracy_std,0.026666665
test_list,"[array([16.5, 15.5, 29.5, 12.5, 34. , 21.5,  4. , 38.5, 30.5, 31.5, 22. ,       18. ,  6. ,  7.5, 27.5, 20.5], dtype=float32), array([17.5, 36. , 36.5, 38. ,  9.5,  2.5, 27. , 11. , 39.5, 15. , 17. ,       29. ,  4.5, 20. , 23.5, 19. ], dtype=float32), array([40. ,  8. , 32. , 35.5,  3.5,  3. , 16. , 18.5, 10.5, 12. , 23. ,       31. , 21. , 10. , 22.5], dtype=float32), array([11.5,  5. , 28.5,  8.5, 28. , 24.5,  6.5, 33. , 34.5, 25.5,  2. ,       13. , 14.5, 25. , 33.5], dtype=float32), array([ 7. , 37.5, 39. , 19.5, 13.5, 30. , 14. , 37. ,  5.5,  9. , 32.5,       26.5, 35. , 24. , 26. ], dtype=float32)]"
model_num,104
n1,60
lr,5.00E-05
bs,6
loss,[0.02810201 0.07130753 0.24955317 0.01251032 0.10957438]
loss_mean,0.094209485
loss_std,0.08477876
accuracy,[1.         0.8125     0.93333334 1.         0.8666667 ]
accuracy_mean,0.9225
accuracy_std,0.07395569
test_list,"[array([16.5, 15.5, 29.5, 12.5, 34. , 21.5,  4. , 38.5, 30.5, 31.5, 22. ,       18. ,  6. ,  7.5, 27.5, 20.5], dtype=float32), array([17.5, 36. , 36.5, 38. ,  9.5,  2.5, 27. , 11. , 39.5, 15. , 17. ,       29. ,  4.5, 20. , 23.5, 19. ], dtype=float32), array([40. ,  8. , 32. , 35.5,  3.5,  3. , 16. , 18.5, 10.5, 12. , 23. ,       31. , 21. , 10. , 22.5], dtype=float32), array([11.5,  5. , 28.5,  8.5, 28. , 24.5,  6.5, 33. , 34.5, 25.5,  2. ,       13. , 14.5, 25. , 33.5], dtype=float32), array([ 7. , 37.5, 39. , 19.5, 13.5, 30. , 14. , 37. ,  5.5,  9. , 32.5,       26.5, 35. , 24. , 26. ], dtype=float32)]"
model_num,105
n1,60
lr,5.00E-05
bs,8
loss,[0.08168022 0.46021652 1.1118263  0.08935425 0.4040418 ]
loss_mean,0.4294238
loss_std,0.37519023
accuracy,[0.875      0.8125     0.8666667  0.93333334 0.6666667 ]
accuracy_mean,0.8308333
accuracy_std,0.09058452
test_list,"[array([16.5, 15.5, 29.5, 12.5, 34. , 21.5,  4. , 38.5, 30.5, 31.5, 22. ,       18. ,  6. ,  7.5, 27.5, 20.5], dtype=float32), array([17.5, 36. , 36.5, 38. ,  9.5,  2.5, 27. , 11. , 39.5, 15. , 17. ,       29. ,  4.5, 20. , 23.5, 19. ], dtype=float32), array([40. ,  8. , 32. , 35.5,  3.5,  3. , 16. , 18.5, 10.5, 12. , 23. ,       31. , 21. , 10. , 22.5], dtype=float32), array([11.5,  5. , 28.5,  8.5, 28. , 24.5,  6.5, 33. , 34.5, 25.5,  2. ,       13. , 14.5, 25. , 33.5], dtype=float32), array([ 7. , 37.5, 39. , 19.5, 13.5, 30. , 14. , 37. ,  5.5,  9. , 32.5,       26.5, 35. , 24. , 26. ], dtype=float32)]"
model_num,106
n1,60
lr,1.00E-05
bs,4
loss,[2.8112938 3.2151537 5.671576  3.8101625 7.30635  ]
loss_mean,4.562907
loss_std,1.6856358
accuracy,[0.3125     0.625      0.46666667 0.4        0.26666668]
accuracy_mean,0.4141667
accuracy_std,0.1260952
test_list,"[array([16.5, 15.5, 29.5, 12.5, 34. , 21.5,  4. , 38.5, 30.5, 31.5, 22. ,       18. ,  6. ,  7.5, 27.5, 20.5], dtype=float32), array([17.5, 36. , 36.5, 38. ,  9.5,  2.5, 27. , 11. , 39.5, 15. , 17. ,       29. ,  4.5, 20. , 23.5, 19. ], dtype=float32), array([40. ,  8. , 32. , 35.5,  3.5,  3. , 16. , 18.5, 10.5, 12. , 23. ,       31. , 21. , 10. , 22.5], dtype=float32), array([11.5,  5. , 28.5,  8.5, 28. , 24.5,  6.5, 33. , 34.5, 25.5,  2. ,       13. , 14.5, 25. , 33.5], dtype=float32), array([ 7. , 37.5, 39. , 19.5, 13.5, 30. , 14. , 37. ,  5.5,  9. , 32.5,       26.5, 35. , 24. , 26. ], dtype=float32)]"
model_num,107
n1,60
lr,1.00E-05
bs,6
loss,[ 7.446373 12.690245 15.927329 11.21115  23.213474]
loss_mean,14.097714
loss_std,5.3103323
accuracy,[0.375      0.3125     0.06666667 0.06666667 0.        ]
accuracy_mean,0.16416666
accuracy_std,0.14994444
test_list,"[array([16.5, 15.5, 29.5, 12.5, 34. , 21.5,  4. , 38.5, 30.5, 31.5, 22. ,       18. ,  6. ,  7.5, 27.5, 20.5], dtype=float32), array([17.5, 36. , 36.5, 38. ,  9.5,  2.5, 27. , 11. , 39.5, 15. , 17. ,       29. ,  4.5, 20. , 23.5, 19. ], dtype=float32), array([40. ,  8. , 32. , 35.5,  3.5,  3. , 16. , 18.5, 10.5, 12. , 23. ,       31. , 21. , 10. , 22.5], dtype=float32), array([11.5,  5. , 28.5,  8.5, 28. , 24.5,  6.5, 33. , 34.5, 25.5,  2. ,       13. , 14.5, 25. , 33.5], dtype=float32), array([ 7. , 37.5, 39. , 19.5, 13.5, 30. , 14. , 37. ,  5.5,  9. , 32.5,       26.5, 35. , 24. , 26. ], dtype=float32)]"
model_num,108
n1,60
lr,1.00E-05
bs,8
loss,[15.075892 29.425537 34.89776  14.337492 25.369669]
loss_mean,23.82127
loss_std,8.036387
accuracy,[0.0625     0.0625     0.         0.06666667 0.        ]
accuracy_mean,0.038333334
accuracy_std,0.03133599
test_list,"[array([16.5, 15.5, 29.5, 12.5, 34. , 21.5,  4. , 38.5, 30.5, 31.5, 22. ,       18. ,  6. ,  7.5, 27.5, 20.5], dtype=float32), array([17.5, 36. , 36.5, 38. ,  9.5,  2.5, 27. , 11. , 39.5, 15. , 17. ,       29. ,  4.5, 20. , 23.5, 19. ], dtype=float32), array([40. ,  8. , 32. , 35.5,  3.5,  3. , 16. , 18.5, 10.5, 12. , 23. ,       31. , 21. , 10. , 22.5], dtype=float32), array([11.5,  5. , 28.5,  8.5, 28. , 24.5,  6.5, 33. , 34.5, 25.5,  2. ,       13. , 14.5, 25. , 33.5], dtype=float32), array([ 7. , 37.5, 39. , 19.5, 13.5, 30. , 14. , 37. ,  5.5,  9. , 32.5,       26.5, 35. , 24. , 26. ], dtype=float32)]"
low_model_num,64